"Date","UST 10y","2s10s","HY OAS","VIX","Net liquidity $bn","3M SORA","Fed funds","USDSGD","UST 2y","UST 5y","UST 30y","5y real","10y real","30y real","5y BE","10y BE","5s30s","10s30s","IG OAS","BBB OAS","BB OAS","CCC OAS","DXY","Target upper","Fed balance sheet $bn","Gold","Bitcoin","WTI","Copper/Gold x1000","SGS 10y","6M T-bill","STI","USDJPY","EURUSD","Policy proxy 6m","G10Y US","G10Y DE","G10Y GB","G10Y JP"
"2025-09-14","4.06","0.5","2.79","14.76","5904.288","1.5206","4.33","1.2837","3.56","3.63","4.68","1.21","1.7","2.43","2.42","2.36","1.0499999999999998","0.6200000000000001","0.77","0.97","1.75","7.97","97.76197813802712","4.5","6605.962","3643.085","116193.5","63.02","1.2540690101932839","","1.38","456.6","147.85","1.1714","-0.5","4.12","2.6931818182","4.6885","1.645"
"2025-09-15","4.05","0.51","2.75","15.69","5904.288","1.5165","4.33","1.2799","3.54","3.61","4.66","1.2","1.68","2.42","2.41","2.37","1.0500000000000003","0.6100000000000003","0.75","0.95","1.72","7.94","97.28791475247772","4.5","6605.962","3678.79","115396.8","63.66","1.2616050386132398","","1.38","453.96","147.27","1.1772","-0.52","4.12","2.6931818182","4.6885","1.645"
"2025-09-16","4.04","0.53","2.79","16.36","5904.288","1.5095","4.33","1.2764","3.51","3.59","4.65","1.17","1.67","2.4","2.42","2.37","1.0600000000000005","0.6100000000000003","0.76","0.96","1.75","8.07","96.7559903134271","4.5","6605.962","3689.855","116918.0","64.89","1.2527565446338678","","1.38","452.37","146.56","1.1848","-0.52","4.12","2.6931818182","4.6885","1.645"
"2025-09-17","4.06","0.54","2.79","15.72","5838.258","1.5036","4.33","1.2755","3.52","3.62","4.66","1.19","1.68","2.4","2.43","2.38","1.04","0.6000000000000005","0.76","0.96","1.74","8.08","96.7689222577085","4.5","6608.597","3659.975","115619.5","64.41","1.240940170356355","","1.38","449.7","146.36","1.1845","-0.5300000000000002","4.12","2.6931818182","4.6885","1.645"
"2025-09-18","4.11","0.54","2.71","15.7","5838.258","1.4959","4.08","1.2824","3.57","3.67","4.72","1.23","1.73","2.46","2.44","2.38","1.0499999999999998","0.6099999999999994","0.75","0.94","1.68","7.95","97.40229803412713","4.25","6608.597","3644.18","117602.0","63.91","1.2418596227409184","","1.38","451.62","148.02","1.178","-0.27","4.12","2.6931818182","4.6885","1.645"
"2025-09-19","4.14","0.57","2.72","15.45","5838.258","1.4879","4.08","1.2842","3.57","3.68","4.75","1.25","1.75","2.47","2.43","2.39","1.0699999999999998","0.6100000000000003","0.74","0.93","1.68","7.97","97.58754040154172","4.25","6608.597","3684.975","115364.0","63.02","1.2365864083202736","","1.38","452.03","147.83","1.1753","-0.27","4.12","2.6931818182","4.6885","1.645"
"2025-09-20","4.14","0.57","2.72","15.45","5838.258","1.4879","4.08","1.2842","3.57","3.68","4.75","1.25","1.75","2.47","2.43","2.39","1.0699999999999998","0.6100000000000003","0.74","0.93","1.68","7.97","97.58754040154172","4.25","6608.597","3684.975","115364.0","63.02","1.2365864083202736","","1.38","452.03","147.83","1.1753","-0.27","4.12","2.6931818182","4.6885","1.645"
"2025-09-21","4.14","0.57","2.72","15.45","5838.258","1.4879","4.08","1.2842","3.57","3.68","4.75","1.25","1.75","2.47","2.43","2.39","1.0699999999999998","0.6100000000000003","0.74","0.93","1.68","7.97","97.58754040154172","4.25","6608.597","3684.975","115364.0","63.02","1.2365864083202736","","1.38","452.03","147.83","1.1753","-0.27","4.12","2.6931818182","4.6885","1.645"
"2025-09-22","4.15","0.54","2.69","16.1","5838.258","1.4839","4.09","1.2828","3.61","3.71","4.77","1.29","1.78","2.5","2.42","2.37","1.0599999999999996","0.6199999999999992","0.74","0.93","1.66","7.9","97.48158060889573","4.25","6608.597","3746.355","112895.0","62.99","1.2222920678899891","","1.38","452.53","147.83","1.1773","-0.2799999999999998","4.12","2.6931818182","4.6885","1.645"
"2025-09-23","4.12","0.59","2.71","16.64","5838.258","1.48","4.09","1.2833","3.53","3.68","4.73","1.26","1.75","2.47","2.42","2.37","1.0500000000000003","0.6100000000000003","0.75","0.94","1.69","7.93","97.33765728317957","4.25","6608.597","3764.205","111970.0","63.76","1.21394291756161","","1.38","448.22","147.83","1.18","-0.2799999999999998","4.12","2.6931818182","4.6885","1.645"
"2025-09-24","4.16","0.59","2.7","16.18","5774.367","1.4749","4.09","1.2885","3.57","3.7","4.76","1.28","1.78","2.49","2.42","2.38","1.0599999999999996","0.5999999999999996","0.75","0.95","1.69","7.94","97.82662871857687","4.25","6608.395","3736.165","113594.0","65.4","1.2724090076321577","","1.38","446.76","148.71","1.1742","-0.27","4.12","2.6931818182","4.6885","1.645"
"2025-09-25","4.18","0.54","2.76","16.74","5774.367","1.4703","4.09","1.2934","3.64","3.75","4.75","1.33","1.8","2.49","2.42","2.38","1.0","0.5700000000000003","0.76","0.96","1.72","8.03","98.40907379531734","4.25","6608.395","3749.44","109157.5","65.51","1.2577291542203635","","1.44","446.02","149.78","1.1673","-0.23999999999999977","4.12","2.6931818182","4.6885","1.645"
"2025-09-26","4.2","0.57","2.75","15.29","5774.367","1.4599","4.09","1.292","3.63","3.76","4.77","1.34","1.82","2.51","2.42","2.38","1.0099999999999998","0.5699999999999994","0.75","0.95","1.72","8.01","98.2343915537582","4.25","6608.395","3759.855","109376.0","66.5","1.2480268520993496","","1.44","447.48","149.52","1.1692","-0.2599999999999998","4.12","2.6931818182","4.6885","1.645"
"2025-09-27","4.2","0.57","2.75","15.29","5774.367","1.4599","4.09","1.292","3.63","3.76","4.77","1.34","1.82","2.51","2.42","2.38","1.0099999999999998","0.5699999999999994","0.75","0.95","1.72","8.01","98.2343915537582","4.25","6608.395","3759.855","109376.0","66.5","1.2480268520993496","","1.44","447.48","149.52","1.1692","-0.2599999999999998","4.12","2.6931818182","4.6885","1.645"
"2025-09-28","4.2","0.57","2.75","15.29","5774.367","1.4599","4.09","1.292","3.63","3.76","4.77","1.34","1.82","2.51","2.42","2.38","1.0099999999999998","0.5699999999999994","0.75","0.95","1.72","8.01","98.2343915537582","4.25","6608.395","3759.855","109376.0","66.5","1.2480268520993496","","1.44","447.48","149.52","1.1692","-0.2599999999999998","4.12","2.6931818182","4.6885","1.645"
"2025-09-29","4.15","0.52","2.74","16.12","5774.367","1.4571","4.09","1.2897","3.63","3.74","4.71","1.33","1.8","2.47","2.41","2.35","0.9699999999999998","0.5599999999999996","0.75","0.94","1.71","7.98","97.9052523454367","4.25","6608.395","3833.88","114301.0","64.27","1.2610201675587134","","1.44","444.58","148.57","1.173","-0.25","4.12","2.6931818182","4.6885","1.645"
"2025-09-30","4.16","0.56","2.8","16.28","5774.367","1.4532","4.09","1.2903","3.6","3.74","4.73","1.32","1.8","2.49","2.42","2.36","0.9900000000000002","0.5700000000000003","0.76","0.97","1.77","8.07","97.8323933403074","4.25","6608.395","3858.45","114659.0","63.17","1.2465420052093459","","1.44","446.15","147.97","1.1735","-0.2599999999999998","4.12","2.6931818182","4.6885","1.645"
"2025-10-01","4.12","0.57","2.81","16.29","5771.801","1.4489","4.09","1.2883","3.55","3.68","4.72","1.29","1.77","2.48","2.39","2.35","1.0399999999999996","0.5999999999999996","0.76","0.97","1.8","8.1","97.80011134751705","4.25","6587.119","3865.53","117579.5","62.59","1.2484135422568186","","1.44","449.88","147.16","1.1723","-0.29000000000000004","4.06","2.617826087","4.5721","1.655"
"2025-10-02","4.1","0.55","2.81","16.63","5771.801","1.4444","4.09","1.2903","3.55","3.67","4.69","1.3","1.76","2.46","2.37","2.34","1.0200000000000005","0.5900000000000007","0.75","0.96","1.79","8.12","98.03063020666315","4.25","6587.119","3856.56","120721.0","61.28","1.2666625178915927","","1.44","455.91","147.35","1.1696","-0.2799999999999998","4.06","2.617826087","4.5721","1.655"
"2025-10-03","4.13","0.55","2.8","16.65","5771.801","1.4356","4.09","1.2881","3.58","3.72","4.71","1.34","1.8","2.48","2.38","2.33","0.9899999999999998","0.5800000000000001","0.75","0.95","1.76","8.11","97.66060827588113","4.25","6587.119","3886.455","122617.0","61.65","1.2895402108090792","","1.44","458.65","147.33","1.1747","-0.27","4.06","2.617826087","4.5721","1.655"
"2025-10-04","4.13","0.55","2.8","16.65","5771.801","1.4356","4.09","1.2881","3.58","3.72","4.71","1.34","1.8","2.48","2.38","2.33","0.9899999999999998","0.5800000000000001","0.75","0.95","1.76","8.11","97.66060827588113","4.25","6587.119","3886.455","122617.0","61.65","1.2895402108090792","","1.44","458.65","147.33","1.1747","-0.27","4.06","2.617826087","4.5721","1.655"
"2025-10-05","4.13","0.55","2.8","16.65","5771.801","1.4356","4.09","1.2881","3.58","3.72","4.71","1.34","1.8","2.48","2.38","2.33","0.9899999999999998","0.5800000000000001","0.75","0.95","1.76","8.11","97.66060827588113","4.25","6587.119","3886.455","122617.0","61.65","1.2895402108090792","","1.44","458.65","147.33","1.1747","-0.27","4.06","2.617826087","4.5721","1.655"
"2025-10-06","4.18","0.58","2.76","16.37","5771.801","1.4302","4.09","1.2911","3.6","3.75","4.76","1.37","1.84","2.52","2.38","2.34","1.0099999999999998","0.5800000000000001","0.74","0.94","1.73","8.04","98.11260222469976","4.25","6587.119","3960.69","125310.0","62.49","1.255508509880854","","1.44","462.74","150.02","1.1707","-0.2799999999999998","4.06","2.617826087","4.5721","1.655"
"2025-10-07","4.14","0.57","2.82","17.24","5771.801","1.4254","4.09","1.2919","3.57","3.71","4.73","1.32","1.79","2.47","2.39","2.35","1.0200000000000005","0.5900000000000007","0.75","0.95","1.78","8.12","98.4198355508713","4.25","6587.119","3984.33","122088.0","62.52","1.2611405179791835","","1.44","467.31","151.17","1.1674","-0.2799999999999998","4.06","2.617826087","4.5721","1.655"
"2025-10-08","4.13","0.55","2.84","16.3","5778.156","1.4209","4.1","1.2958","3.58","3.72","4.72","1.33","1.78","2.46","2.39","2.35","0.9999999999999996","0.5899999999999999","0.75","0.95","1.79","8.19","98.98192903534084","4.25","6590.8150000000005","4041.9","122945.0","63.37","1.240688784977362","","1.44","466.41","152.72","1.1606","-0.2799999999999998","4.06","2.617826087","4.5721","1.655"
"2025-10-09","4.14","0.54","2.95","16.43","5778.156","1.4196","4.1","1.2995","3.6","3.74","4.72","1.35","1.8","2.47","2.39","2.34","0.9799999999999995","0.5800000000000001","0.77","0.98","1.87","8.38","99.40908521348074","4.25","6590.8150000000005","3976.24","121183.2","62.36","1.2762710500372212","","1.44","460.86","153.05","1.1559","-0.2699999999999996","4.06","2.617826087","4.5721","1.655"
"2025-10-10","4.05","0.53","3.18","21.66","5778.156","1.4121","4.1","1.2972","3.52","3.65","4.63","1.3","1.75","2.41","2.35","2.3","0.98","0.5800000000000001","0.81","1.02","2.07","8.74","98.9747739797221","4.25","6590.8150000000005","4016.68","114533.8","59.75","1.1893255126124063","","1.44","446.74","151.94","1.1613","-0.2899999999999996","4.06","2.617826087","4.5721","1.655"
"2025-10-11","4.05","0.53","3.18","21.66","5778.156","1.4121","4.1","1.2972","3.52","3.65","4.63","1.3","1.75","2.41","2.35","2.3","0.98","0.5800000000000001","0.81","1.02","2.07","8.74","98.9747739797221","4.25","6590.8150000000005","4016.68","114533.8","59.75","1.1893255126124063","","1.44","446.74","151.94","1.1613","-0.2899999999999996","4.06","2.617826087","4.5721","1.655"
"2025-10-12","4.05","0.53","3.18","21.66","5778.156","1.4121","4.1","1.2972","3.52","3.65","4.63","1.3","1.75","2.41","2.35","2.3","0.98","0.5800000000000001","0.81","1.02","2.07","8.74","98.9747739797221","4.25","6590.8150000000005","4016.68","114533.8","59.75","1.1893255126124063","","1.44","446.74","151.94","1.1613","-0.2899999999999996","4.06","2.617826087","4.5721","1.655"
"2025-10-13","4.05","0.53","3.18","19.03","5778.156","1.4075","4.1","1.2972","3.52","3.65","4.63","1.3","1.75","2.41","2.35","2.3","0.98","0.5800000000000001","0.81","1.02","2.07","8.74","98.9747739797221","4.25","6590.8150000000005","4110.335","115711.5","59.75","1.2330771092867128","","1.44","454.34","151.94","1.1613","-0.2899999999999996","4.06","2.617826087","4.5721","1.655"
"2025-10-14","4.03","0.55","3.11","20.81","5778.156","1.4034","4.1","1.2984","3.48","3.6","4.62","1.27","1.73","2.4","2.33","2.3","1.02","0.5899999999999999","0.81","1.02","2.01","8.63","99.03936159866556","4.25","6590.8150000000005","4142.625","113011.2","59.52","1.1922392203011376","","1.44","452.46","151.77","1.1608","-0.2999999999999998","4.06","2.617826087","4.5721","1.655"
"2025-10-15","4.05","0.55","2.95","20.64","5781.377","1.4001","4.1","1.2957","3.5","3.63","4.64","1.3","1.76","2.42","2.33","2.29","1.0099999999999998","0.5899999999999999","0.78","0.99","1.86","8.47","98.7307444297015","4.25","6596.454","4207.74","111162.3","59.08","1.1679286267687645","","1.44","445.5","151.21","1.1638","-0.2799999999999998","4.06","2.617826087","4.5721","1.655"
"2025-10-16","3.99","0.58","3.04","25.31","5781.377","1.3956","4.11","1.2943","3.41","3.55","4.58","1.26","1.71","2.37","2.29","2.28","1.0300000000000002","0.5899999999999999","0.8","1.01","1.95","8.56","98.512951505315","4.25","6596.454","4326.065","107858.8","58.29","1.1389611575415535","","1.44","439.69","150.75","1.1665","-0.3200000000000003","4.06","2.617826087","4.5721","1.655"
"2025-10-17","4.02","0.56","3.04","20.78","5781.377","1.3966","4.11","1.2949","3.46","3.59","4.6","1.3","1.75","2.4","2.29","2.27","1.0099999999999998","0.5800000000000001","0.8","1.01","1.95","8.57","98.4144227419786","4.25","6596.454","4254.21","107058.6","58.3","1.1611133441931638","","1.44","443.07","150.33","1.1674","-0.3200000000000003","4.06","2.617826087","4.5721","1.655"
"2025-10-18","4.02","0.56","3.04","20.78","5781.377","1.3966","4.11","1.2949","3.46","3.59","4.6","1.3","1.75","2.4","2.29","2.27","1.0099999999999998","0.5800000000000001","0.8","1.01","1.95","8.57","98.4144227419786","4.25","6596.454","4254.21","107058.6","58.3","1.1611133441931638","","1.44","443.07","150.33","1.1674","-0.3200000000000003","4.06","2.617826087","4.5721","1.655"
"2025-10-19","4.02","0.56","3.04","20.78","5781.377","1.3966","4.11","1.2949","3.46","3.59","4.6","1.3","1.75","2.4","2.29","2.27","1.0099999999999998","0.5800000000000001","0.8","1.01","1.95","8.57","98.4144227419786","4.25","6596.454","4254.21","107058.6","58.3","1.1611133441931638","","1.44","443.07","150.33","1.1674","-0.3200000000000003","4.06","2.617826087","4.5721","1.655"
"2025-10-20","4","0.54","2.99","18.23","5781.377","1.3966","4.11","1.293","3.46","3.58","4.58","1.3","1.74","2.39","2.28","2.26","1.0","0.5800000000000001","0.79","1.0","1.9","8.48","98.51028488519118","4.25","6596.454","4355.795","111038.5","58.34","1.1465507444680016","","1.44","447.82","150.59","1.1656","-0.3300000000000005","4.06","2.617826087","4.5721","1.655"
"2025-10-21","3.98","0.53","2.97","17.87","5781.377","1.3958","4.11","1.2972","3.45","3.56","4.55","1.26","1.7","2.35","2.3","2.28","0.9899999999999998","0.5699999999999998","0.79","1.01","1.88","8.47","98.83636322580492","4.25","6596.454","4125.27","110942.0","58.66","1.1873744021603434","","1.44","444.9","151.72","1.1616","-0.3300000000000005","4.06","2.617826087","4.5721","1.655"
"2025-10-22","3.97","0.52","3.01","18.6","5677.527","1.3927","4.11","1.2972","3.45","3.56","4.54","1.24","1.68","2.34","2.32","2.29","0.98","0.5699999999999998","0.8","1.02","1.91","8.54","98.85305851183443","4.25","6589.533","4099.4","107655.2","59.3","1.2073035078304144","","1.44","441.32","151.79","1.1612","-0.3300000000000005","4.06","2.617826087","4.5721","1.655"
"2025-10-23","4.01","0.53","2.96","17.3","5677.527","1.3854","4.11","1.2987","3.48","3.61","4.58","1.19","1.71","2.36","2.42","2.3","0.9700000000000002","0.5700000000000003","0.78","1.0","1.85","8.53","98.98406077531429","4.25","6589.533","4126.025","109476.8","62.44","1.2199683714955678","","1.41","445.9","152.72","1.1612","-0.3300000000000005","4.06","2.617826087","4.5721","1.655"
"2025-10-24","4.02","0.54","2.88","16.37","5677.527","1.3641","4.11","1.2985","3.48","3.61","4.59","1.21","1.73","2.37","2.4","2.29","0.98","0.5700000000000003","0.77","0.98","1.78","8.43","98.96090630263019","4.25","6589.533","4114.095","110863.2","62.27","1.2306764914276407","","1.41","445.9","152.82","1.1626","-0.35000000000000053","4.06","2.617826087","4.5721","1.655"
"2025-10-25","4.02","0.54","2.88","16.37","5677.527","1.3641","4.11","1.2985","3.48","3.61","4.59","1.21","1.73","2.37","2.4","2.29","0.98","0.5700000000000003","0.77","0.98","1.78","8.43","98.96090630263019","4.25","6589.533","4114.095","110863.2","62.27","1.2306764914276407","","1.41","445.9","152.82","1.1626","-0.35000000000000053","4.06","2.617826087","4.5721","1.655"
"2025-10-26","4.02","0.54","2.88","16.37","5677.527","1.3641","4.11","1.2985","3.48","3.61","4.59","1.21","1.73","2.37","2.4","2.29","0.98","0.5700000000000003","0.77","0.98","1.78","8.43","98.96090630263019","4.25","6589.533","4114.095","110863.2","62.27","1.2306764914276407","","1.41","445.9","152.82","1.1626","-0.35000000000000053","4.06","2.617826087","4.5721","1.655"
"2025-10-27","4.01","0.53","2.8","15.79","5677.527","1.3561","4.12","1.2968","3.48","3.61","4.57","1.24","1.73","2.36","2.37","2.28","0.9600000000000004","0.5600000000000005","0.76","0.97","1.71","8.27","98.89875272551699","4.25","6589.533","3981.985","114541.0","62.13","1.2826768558897133","","1.41","450.92","153.09","1.1636","-0.3900000000000001","4.06","2.617826087","4.5721","1.655"
"2025-10-28","3.99","0.52","2.82","16.42","5677.527","1.3469","4.12","1.2933","3.47","3.6","4.55","1.24","1.71","2.33","2.36","2.28","0.9499999999999997","0.5599999999999996","0.76","0.97","1.73","8.29","98.67670360284792","4.25","6589.533","3953.0","112845.4","60.97","1.2949203136858085","","1.41","451.06","152.14","1.1659","-0.3999999999999999","4.06","2.617826087","4.5721","1.655"
"2025-10-29","4.08","0.49","2.76","16.92","5609.54","1.3371","4.12","1.2927","3.59","3.7","4.61","1.33","1.78","2.38","2.37","2.3","0.9100000000000001","0.5300000000000002","0.75","0.96","1.68","8.22","98.65066573287368","4.25","6587.034000000001","3930.595","111418.6","61.26","1.3108193543216742","","1.41","445.9","151.91","1.1664","-0.33000000000000007","4.06","2.617826087","4.5721","1.655"
"2025-10-30","4.11","0.5","2.85","16.91","5609.54","1.3297","3.87","1.3004","3.61","3.72","4.65","1.34","1.82","2.43","2.38","2.29","0.9300000000000002","0.54","0.77","0.98","1.76","8.33","99.54609109414393","4.0","6587.034000000001","4024.525","107507.6","61.36","1.2560637590771582","","1.41","448.12","154.17","1.1564","-0.08000000000000007","4.06","2.617826087","4.5721","1.655"
"2025-10-31","4.11","0.51","2.94","17.44","5609.54","1.3203","3.86","1.3012","3.6","3.71","4.67","1.31","1.81","2.44","2.4","2.3","0.96","0.5599999999999996","0.8","1.02","1.79","8.65","99.70422960558085","4.0","6587.034000000001","4002.81","109406.0","61.75","1.265740817076004","","1.41","447.82","154.05","1.1541","-0.06999999999999984","4.06","2.617826087","4.5721","1.655"
"2025-11-01","4.11","0.51","2.94","17.44","5609.54","1.3203","3.86","1.3012","3.6","3.71","4.67","1.31","1.81","2.44","2.4","2.3","0.96","0.5599999999999996","0.8","1.02","1.79","8.65","99.70422960558085","4.0","6587.034000000001","4002.81","109406.0","61.75","1.265740817076004","","1.41","447.82","154.05","1.1541","-0.06999999999999984","4.09","2.6575","4.4985","1.805"
"2025-11-02","4.11","0.51","2.94","17.44","5609.54","1.3203","3.86","1.3012","3.6","3.71","4.67","1.31","1.81","2.44","2.4","2.3","0.96","0.5599999999999996","0.8","1.02","1.79","8.65","99.70422960558085","4.0","6587.034000000001","4002.81","109406.0","61.75","1.265740817076004","","1.41","447.82","154.05","1.1541","-0.06999999999999984","4.09","2.6575","4.4985","1.805"
"2025-11-03","4.13","0.53","3.04","17.17","5609.54","1.3143","3.87","1.3044","3.6","3.72","4.69","1.31","1.82","2.47","2.41","2.31","0.9700000000000002","0.5600000000000005","0.83","1.04","1.87","8.85","99.79017906652457","4.0","6587.034000000001","4001.605","106817.3","61.79","1.2515628104223182","","1.41","449.42","154.13","1.1531","-0.07000000000000028","4.09","2.6575","4.4985","1.805"
"2025-11-04","4.1","0.52","3.13","19","5609.54","1.3068","3.87","1.3066","3.58","3.69","4.67","1.31","1.81","2.45","2.38","2.29","0.98","0.5700000000000003","0.83","1.04","1.95","8.97","100.10301371429112","4.0","6587.034000000001","3932.1","100220.7","61.38","1.2415554029653366","","1.41","445.42","153.55","1.1491","-0.0900000000000003","4.09","2.6575","4.4985","1.805"
"2025-11-05","4.17","0.54","3.05","18.01","5618.939","1.2978","3.87","1.3065","3.63","3.76","4.74","1.37","1.87","2.5","2.39","2.3","0.9800000000000004","0.5700000000000003","0.81","1.02","1.87","8.85","100.19968292615594","4.0","6572.732","3980.115","103631.3","60.4","1.242778160932536","","1.41","447.04","154.11","1.1485","-0.08000000000000007","4.09","2.6575","4.4985","1.805"
"2025-11-06","4.11","0.54","3.13","19.5","5618.939","1.2897","3.87","1.3046","3.57","3.69","4.69","1.32","1.83","2.47","2.37","2.28","1.0000000000000004","0.5800000000000001","0.82","1.04","1.95","8.9","99.78092615336062","4.0","6572.732","3977.14","101069.5","60.24","1.2405396842957501","","1.37","449.14","152.97","1.1539","-0.11000000000000032","4.09","2.6575","4.4985","1.805"
"2025-11-07","4.11","0.56","3.15","19.08","5618.939","1.2675","3.87","1.3014","3.55","3.67","4.7","1.31","1.83","2.48","2.36","2.28","1.0300000000000002","0.5899999999999999","0.84","1.06","1.96","8.98","99.47503044099976","4.0","6572.732","4001.275","103808.2","60.54","1.2287883237218136","","1.37","448.86","153.06","1.1578","-0.11000000000000032","4.09","2.6575","4.4985","1.805"
"2025-11-08","4.11","0.56","3.15","19.08","5618.939","1.2675","3.87","1.3014","3.55","3.67","4.7","1.31","1.83","2.48","2.36","2.28","1.0300000000000002","0.5899999999999999","0.84","1.06","1.96","8.98","99.47503044099976","4.0","6572.732","4001.275","103808.2","60.54","1.2287883237218136","","1.37","448.86","153.06","1.1578","-0.11000000000000032","4.09","2.6575","4.4985","1.805"
"2025-11-09","4.11","0.56","3.15","19.08","5618.939","1.2675","3.87","1.3014","3.55","3.67","4.7","1.31","1.83","2.48","2.36","2.28","1.0300000000000002","0.5899999999999999","0.84","1.06","1.96","8.98","99.47503044099976","4.0","6572.732","4001.275","103808.2","60.54","1.2287883237218136","","1.37","448.86","153.06","1.1578","-0.11000000000000032","4.09","2.6575","4.4985","1.805"
"2025-11-10","4.13","0.55","3.02","17.6","5618.939","1.2619","3.87","1.303","3.58","3.72","4.71","1.34","1.84","2.48","2.38","2.29","0.9899999999999998","0.5800000000000001","0.82","1.05","1.83","8.88","99.70542290497396","4.0","6572.732","4115.41","105576.9","60.94","1.2291557827774147","","1.37","453.03","153.99","1.1545","-0.08000000000000007","4.09","2.6575","4.4985","1.805"
"2025-11-11","4.13","0.55","3.02","17.28","5618.939","1.2551","3.87","1.303","3.58","3.72","4.71","1.34","1.84","2.48","2.38","2.29","0.9899999999999998","0.5800000000000001","0.82","1.05","1.83","8.88","99.70542290497396","4.0","6572.732","4126.505","102684.5","60.94","1.2174467254977273","","1.37","453.24","153.99","1.1545","-0.08000000000000007","4.09","2.6575","4.4985","1.805"
"2025-11-12","4.08","0.52","3.02","17.51","5620.76","1.2499","3.87","1.301","3.56","3.68","4.67","1.31","1.81","2.44","2.37","2.27","0.9899999999999998","0.5899999999999999","0.83","1.05","1.82","8.95","99.46014714848386","4.0","6580.462","4195.21","101885.0","59.3","1.203553576579003","","1.37","452.54","154.64","1.1592","-0.0900000000000003","4.09","2.6575","4.4985","1.805"
"2025-11-13","4.11","0.53","3.09","20","5620.76","1.2459","3.88","1.2987","3.58","3.71","4.7","1.34","1.83","2.48","2.37","2.28","0.9900000000000002","0.5899999999999999","0.84","1.06","1.89","9.07","99.03631359626107","4.0","6580.462","4171.745","98773.0","59.54","1.2032614649265476","","1.37","444.3","154.4","1.1649","-0.08000000000000007","4.09","2.6575","4.4985","1.805"
"2025-11-14","4.14","0.52","3.07","19.83","5620.76","1.239","3.88","1.2984","3.62","3.74","4.74","1.36","1.86","2.51","2.38","2.28","1.0","0.6000000000000005","0.83","1.06","1.85","9.02","99.31157903690864","4.0","6580.462","4085.805","95008.0","60.87","1.2271853404653428","","1.37","446.43","154.64","1.1617","-0.08000000000000007","4.09","2.6575","4.4985","1.805"
"2025-11-15","4.14","0.52","3.07","19.83","5620.76","1.239","3.88","1.2984","3.62","3.74","4.74","1.36","1.86","2.51","2.38","2.28","1.0","0.6000000000000005","0.83","1.06","1.85","9.02","99.31157903690864","4.0","6580.462","4085.805","95008.0","60.87","1.2271853404653428","","1.37","446.43","154.64","1.1617","-0.08000000000000007","4.09","2.6575","4.4985","1.805"
"2025-11-16","4.14","0.52","3.07","19.83","5620.76","1.239","3.88","1.2984","3.62","3.74","4.74","1.36","1.86","2.51","2.38","2.28","1.0","0.6000000000000005","0.83","1.06","1.85","9.02","99.31157903690864","4.0","6580.462","4085.805","95008.0","60.87","1.2271853404653428","","1.37","446.43","154.64","1.1617","-0.08000000000000007","4.09","2.6575","4.4985","1.805"
"2025-11-17","4.13","0.53","3.13","22.38","5620.76","1.24","3.88","1.3018","3.6","3.72","4.73","1.35","1.85","2.5","2.37","2.28","1.0100000000000002","0.6000000000000005","0.84","1.06","1.9","9.08","99.449577040132","4.0","6580.462","4045.655","91806.5","60.66","1.2263527166799937","","1.37","446.63","155.2","1.1598","-0.06999999999999984","4.09","2.6575","4.4985","1.805"
"2025-11-18","4.12","0.54","3.2","24.69","5620.76","1.2389","3.88","1.3019","3.58","3.7","4.74","1.34","1.85","2.51","2.36","2.27","1.04","0.6200000000000001","0.85","1.07","1.95","9.22","99.59695948436257","4.0","6580.462","4067.425","92463.0","61.51","1.2143948566968046","","1.37","446.78","155.44","1.1579","-0.08999999999999986","4.09","2.6575","4.4985","1.805"
"2025-11-19","4.13","0.55","3.17","23.66","5612.228","1.2362","3.88","1.3061","3.58","3.71","4.75","1.35","1.86","2.53","2.36","2.27","1.04","0.6200000000000001","0.84","1.07","1.93","9.19","100.0493449658787","4.0","6555.283","4077.85","90563.5","60.27","1.2267346763613178","","1.37","447.02","156.63","1.154","-0.08000000000000007","4.09","2.6575","4.4985","1.805"
"2025-11-20","4.1","0.55","3.17","26.42","5612.228","1.2328","3.88","1.3075","3.55","3.68","4.73","1.34","1.86","2.53","2.34","2.24","1.0500000000000003","0.6300000000000008","0.85","1.08","1.95","9.2","100.17454284443008","4.0","6555.283","4077.535","87183.0","60.07","1.2088381828727404","","1.39","435.79","157.41","1.1534","-0.08999999999999986","4.09","2.6575","4.4985","1.805"
"2025-11-21","4.06","0.55","3.19","23.43","5612.228","1.2434","3.88","1.3073","3.51","3.62","4.71","1.3","1.82","2.51","2.32","2.24","1.0899999999999999","0.6500000000000004","0.86","1.09","1.97","9.2","100.24824762740265","4.0","6555.283","4065.01","85104.0","58.86","1.2233647641703218","","1.39","436.94","156.58","1.1506","-0.1299999999999999","4.09","2.6575","4.4985","1.805"
"2025-11-22","4.06","0.55","3.19","23.43","5612.228","1.2434","3.88","1.3073","3.51","3.62","4.71","1.3","1.82","2.51","2.32","2.24","1.0899999999999999","0.6500000000000004","0.86","1.09","1.97","9.2","100.24824762740265","4.0","6555.283","4065.01","85104.0","58.86","1.2233647641703218","","1.39","436.94","156.58","1.1506","-0.1299999999999999","4.09","2.6575","4.4985","1.805"
"2025-11-23","4.06","0.55","3.19","23.43","5612.228","1.2434","3.88","1.3073","3.51","3.62","4.71","1.3","1.82","2.51","2.32","2.24","1.0899999999999999","0.6500000000000004","0.86","1.09","1.97","9.2","100.24824762740265","4.0","6555.283","4065.01","85104.0","58.86","1.2233647641703218","","1.39","436.94","156.58","1.1506","-0.1299999999999999","4.09","2.6575","4.4985","1.805"
"2025-11-24","4.04","0.58","3.15","20.52","5612.228","1.2434","3.88","1.3053","3.46","3.61","4.68","1.31","1.81","2.5","2.3","2.23","1.0699999999999998","0.6399999999999997","0.85","1.08","1.92","9.19","100.22986497721138","4.0","6555.283","4133.975","88798.5","59.11","1.2058611868721993","","1.39","440.6","156.94","1.1518","-0.1200000000000001","4.09","2.6575","4.4985","1.805"
"2025-11-25","4.01","0.58","3.1","18.56","5612.228","1.2428","3.88","1.302","3.43","3.55","4.67","1.28","1.79","2.49","2.27","2.22","1.12","0.6600000000000001","0.84","1.07","1.89","9.16","99.93276053615331","4.0","6555.283","4130.55","87017.5","58.25","1.2129910060403577","","1.39","442.1","156.3","1.1553","-0.1299999999999999","4.09","2.6575","4.4985","1.805"
"2025-11-26","4","0.55","3","17.19","5646.808","1.2452","3.88","1.2971","3.45","3.56","4.64","1.27","1.77","2.45","2.29","2.23","1.0799999999999996","0.6399999999999997","0.82","1.05","1.79","9.14","99.61865084188707","4.0","6552.419","4163.575","90180.0","58.81","1.2252259176308822","","1.39","442.42","156.38","1.1591","-0.1200000000000001","4.09","2.6575","4.4985","1.805"
"2025-11-27","4","0.55","3","17.21","5646.808","1.2496","3.88","1.2971","3.45","3.56","4.64","1.27","1.77","2.45","2.29","2.23","1.0799999999999996","0.6399999999999997","0.82","1.05","1.79","9.14","99.61865084188707","4.0","6552.419","4158.8","91433.0","58.81","1.2173848225449648","","1.39","439.92","156.38","1.1591","-0.1200000000000001","4.09","2.6575","4.4985","1.805"
"2025-11-28","4.02","0.55","2.95","16.35","5646.808","1.253","3.89","1.2955","3.47","3.59","4.67","1.3","1.79","2.48","2.29","2.23","1.08","0.6500000000000004","0.82","1.04","1.73","9.17","99.46493935171375","4.0","6552.419","4215.82","90931.0","58.58","1.2271681428523988","","1.39","444.54","156.17","1.16","-0.1499999999999999","4.09","2.6575","4.4985","1.805"
"2025-11-29","4.02","0.55","2.95","16.35","5646.808","1.253","3.89","1.2955","3.47","3.59","4.67","1.3","1.79","2.48","2.29","2.23","1.08","0.6500000000000004","0.82","1.04","1.73","9.17","99.46493935171375","4.0","6552.419","4215.82","90931.0","58.58","1.2271681428523988","","1.39","444.54","156.17","1.16","-0.1499999999999999","4.09","2.6575","4.4985","1.805"
"2025-11-30","4.02","0.55","2.92","16.35","5646.808","1.253","3.89","1.2955","3.47","3.59","4.67","1.3","1.79","2.48","2.29","2.23","1.08","0.6500000000000004","0.82","1.05","1.76","8.94","99.46493935171375","4.0","6552.419","4215.82","90931.0","58.58","1.2271681428523988","","1.39","444.54","156.17","1.16","-0.1499999999999999","4.09","2.6575","4.4985","1.805"
"2025-12-01","4.09","0.55","2.94","17.24","5646.808","1.2564","3.89","1.2953","3.54","3.67","4.74","1.36","1.85","2.53","2.31","2.24","1.0700000000000003","0.6500000000000004","0.82","1.04","1.78","8.97","99.28855531489164","4.0","6552.419","4232.29","86452.5","59.47","1.221220663045302","","1.39","440.02","155.28","1.1623","-0.14000000000000012","4.14","2.8142105263","4.4826","2.06"
"2025-12-02","4.09","0.58","2.92","16.59","5646.808","1.2565","3.89","1.2978","3.51","3.66","4.74","1.36","1.85","2.53","2.3","2.24","1.08","0.6500000000000004","0.81","1.03","1.77","8.97","99.53156147394952","4.0","6552.419","4205.72","91668.5","58.81","1.2235360413912482","","1.39","443.2","155.92","1.1596","-0.16999999999999993","4.14","2.8142105263","4.4826","2.06"
"2025-12-03","4.06","0.57","2.89","16.08","5596.1","1.2508","3.89","1.2937","3.49","3.62","4.73","1.33","1.82","2.52","2.29","2.24","1.1100000000000003","0.6700000000000008","0.81","1.03","1.75","8.79","98.94029368363732","4.0","6535.781","4203.115","93697.0","59.09","1.2587616565333095","","1.39","443.06","155.17","1.166","-0.20999999999999996","4.14","2.8142105263","4.4826","2.06"
"2025-12-04","4.11","0.59","2.88","15.78","5596.1","1.2456","3.89","1.2953","3.52","3.68","4.76","1.35","1.85","2.54","2.33","2.26","1.0799999999999996","0.6499999999999995","0.8","1.02","1.76","8.78","98.9185899086346","4.0","6535.781","4208.74","92175.0","59.82","1.2509325831484008","","1.41","441.2","154.9","1.1659","-0.20000000000000018","4.14","2.8142105263","4.4826","2.06"
"2025-12-05","4.14","0.58","2.85","15.41","5596.1","1.2269","3.89","1.2956","3.56","3.72","4.79","1.38","1.88","2.57","2.34","2.26","1.0699999999999998","0.6500000000000004","0.79","1.01","1.73","8.68","99.05981795610235","4.0","6535.781","4198.685","89168.5","60.23","1.2750611203269595","","1.41","437.85","155.3","1.1635","-0.20999999999999996","4.14","2.8142105263","4.4826","2.06"
"2025-12-06","4.14","0.58","2.85","15.41","5596.1","1.2269","3.89","1.2956","3.56","3.72","4.79","1.38","1.88","2.57","2.34","2.26","1.0699999999999998","0.6500000000000004","0.79","1.01","1.73","8.68","99.05981795610235","4.0","6535.781","4198.685","89168.5","60.23","1.2750611203269595","","1.41","437.85","155.3","1.1635","-0.20999999999999996","4.14","2.8142105263","4.4826","2.06"
"2025-12-07","4.14","0.58","2.85","15.41","5596.1","1.2269","3.89","1.2956","3.56","3.72","4.79","1.38","1.88","2.57","2.34","2.26","1.0699999999999998","0.6500000000000004","0.79","1.01","1.73","8.68","99.05981795610235","4.0","6535.781","4198.685","89168.5","60.23","1.2750611203269595","","1.41","437.85","155.3","1.1635","-0.20999999999999996","4.14","2.8142105263","4.4826","2.06"
"2025-12-08","4.17","0.6","2.89","16.66","5596.1","1.2216","3.89","1.298","3.57","3.75","4.81","1.43","1.91","2.58","2.32","2.26","1.0599999999999996","0.6399999999999997","0.78","1.0","1.76","8.71","99.16021243230418","4.0","6535.781","4190.66","91400.5","59.04","1.271861711520381","","1.41","433.82","155.89","1.1626","-0.20000000000000018","4.14","2.8142105263","4.4826","2.06"
"2025-12-09","4.18","0.57","2.89","16.93","5596.1","1.2144","3.89","1.2964","3.61","3.78","4.8","1.46","1.92","2.58","2.32","2.26","1.02","0.6200000000000001","0.79","1.0","1.77","8.76","99.13703183535004","4.0","6535.781","4207.915","92703.0","58.4","1.2443264657199586","","1.41","435.46","156.85","1.1639","-0.18999999999999995","4.14","2.8142105263","4.4826","2.06"
"2025-12-10","4.13","0.59","2.91","15.77","5675.312","1.2101","3.89","1.2947","3.54","3.72","4.78","1.4","1.88","2.55","2.32","2.25","1.06","0.6500000000000004","0.78","1.0","1.79","8.83","98.9891340856887","4.0","6539.303","4228.775","92365.0","58.67","1.2561652015063465","","1.41","436.2","156.33","1.165","-0.22999999999999998","4.14","2.8142105263","4.4826","2.06"
"2025-12-11","4.14","0.62","2.88","14.85","5675.312","1.2069","3.64","1.2905","3.52","3.72","4.79","1.4","1.89","2.57","2.32","2.25","1.0699999999999998","0.6500000000000004","0.78","1.0","1.76","8.77","98.17991929328603","3.75","6539.303","4279.255","92959.0","57.76","1.2600955072787203","","1.41","439.6","155.15","1.1756","-0.020000000000000018","4.14","2.8142105263","4.4826","2.06"
"2025-12-12","4.19","0.67","2.91","15.74","5675.312","1.2004","3.64","1.2919","3.52","3.75","4.85","1.43","1.93","2.61","2.32","2.26","1.0999999999999996","0.6599999999999993","0.8","1.01","1.79","8.76","98.47160272456027","3.75","6539.303","4299.435","90229.5","57.61","1.2250121236860192","","1.41","438.97","155.81","1.1731","-0.06000000000000005","4.14","2.8142105263","4.4826","2.06"
"2025-12-13","4.19","0.67","2.91","15.74","5675.312","1.2004","3.64","1.2919","3.52","3.75","4.85","1.43","1.93","2.61","2.32","2.26","1.0999999999999996","0.6599999999999993","0.8","1.01","1.79","8.76","98.47160272456027","3.75","6539.303","4299.435","90229.5","57.61","1.2250121236860192","","1.41","438.97","155.81","1.1731","-0.06000000000000005","4.14","2.8142105263","4.4826","2.06"
"2025-12-14","4.19","0.67","2.91","15.74","5675.312","1.2004","3.64","1.2919","3.52","3.75","4.85","1.43","1.93","2.61","2.32","2.26","1.0999999999999996","0.6599999999999993","0.8","1.01","1.79","8.76","98.47160272456027","3.75","6539.303","4299.435","90229.5","57.61","1.2250121236860192","","1.41","438.97","155.81","1.1731","-0.06000000000000005","4.14","2.8142105263","4.4826","2.06"
"2025-12-15","4.18","0.67","2.91","16.5","5675.312","1.198","3.64","1.2894","3.51","3.73","4.84","1.44","1.93","2.61","2.29","2.25","1.1099999999999999","0.6600000000000001","0.8","1.02","1.78","8.79","98.26631510694153","3.75","6539.303","4304.91","86214.5","56.97","1.235363805515098","","1.41","438.9","155.29","1.1756","-0.040000000000000036","4.14","2.8142105263","4.4826","2.06"
"2025-12-16","4.15","0.67","2.98","16.48","5675.312","1.1995","3.64","1.2884","3.48","3.69","4.82","1.44","1.92","2.6","2.25","2.23","1.1300000000000003","0.6699999999999999","0.81","1.03","1.85","8.87","98.09819746320136","3.75","6539.303","4302.225","87764.5","55.44","1.2259935266054192","","1.41","439.08","154.8","1.177","-0.040000000000000036","4.14","2.8142105263","4.4826","2.06"
"2025-12-17","4.16","0.67","2.99","17.62","5713.407","1.2011","3.64","1.2908","3.49","3.7","4.83","1.44","1.92","2.61","2.26","2.24","1.13","0.6699999999999999","0.81","1.03","1.85","8.92","98.3411212963841","3.75","6556.861","4337.83","85966.5","56.07","1.2305300115495537","","1.41","435.2","155.6","1.1748","-0.050000000000000266","4.14","2.8142105263","4.4826","2.06"
"2025-12-18","4.12","0.66","2.95","16.87","5713.407","1.2029","3.64","1.2892","3.46","3.66","4.8","1.4","1.88","2.58","2.26","2.24","1.1399999999999997","0.6799999999999997","0.81","1.03","1.81","8.91","98.39736603324874","3.75","6556.861","4332.59","85581.0","56.22","1.2319374785059283","","1.48","436.6","155.53","1.1729","-0.06000000000000005","4.14","2.8142105263","4.4826","2.06"
"2025-12-19","4.16","0.68","2.9","14.91","5713.407","1.1968","3.64","1.292","3.48","3.7","4.82","1.43","1.92","2.61","2.27","2.24","1.12","0.6600000000000001","0.8","1.02","1.77","8.84","98.61409194347654","3.75","6556.861","4338.765","87749.5","56.8","1.2433722499374822","","1.48","438.9","157.43","1.1721","-0.040000000000000036","4.14","2.8142105263","4.4826","2.06"
"2025-12-20","4.16","0.68","2.9","14.91","5713.407","1.1968","3.64","1.292","3.48","3.7","4.82","1.43","1.92","2.61","2.27","2.24","1.12","0.6600000000000001","0.8","1.02","1.77","8.84","98.61409194347654","3.75","6556.861","4338.765","87749.5","56.8","1.2433722499374822","","1.48","438.9","157.43","1.1721","-0.040000000000000036","4.14","2.8142105263","4.4826","2.06"
"2025-12-21","4.16","0.68","2.9","14.91","5713.407","1.1968","3.64","1.292","3.48","3.7","4.82","1.43","1.92","2.61","2.27","2.24","1.12","0.6600000000000001","0.8","1.02","1.77","8.84","98.61409194347654","3.75","6556.861","4338.765","87749.5","56.8","1.2433722499374822","","1.48","438.9","157.43","1.1721","-0.040000000000000036","4.14","2.8142105263","4.4826","2.06"
"2025-12-22","4.17","0.73","2.88","14.08","5713.407","1.1958","3.64","1.2884","3.44","3.71","4.84","1.46","1.94","2.63","2.25","2.23","1.13","0.6699999999999999","0.8","1.02","1.74","8.8","98.31619279369599","3.75","6556.861","4443.74","88235.5","58.18","1.21919374220814","","1.48","443.95","156.93","1.175","-0.040000000000000036","4.14","2.8142105263","4.4826","2.06"
"2025-12-23","4.18","0.7","2.83","14","5713.407","1.1954","3.64","1.2852","3.48","3.72","4.83","1.48","1.94","2.61","2.24","2.24","1.1099999999999999","0.6500000000000004","0.79","1.01","1.7","8.73","98.05901058930533","3.75","6556.861","4484.55","87670.5","58.55","1.2207021886253917","","1.48","446.01","156.33","1.1776","-0.050000000000000266","4.14","2.8142105263","4.4826","2.06"
"2025-12-24","4.15","0.68","2.84","13.47","5739.308","1.1946","3.64","1.2834","3.47","3.7","4.79","1.46","1.91","2.58","2.24","2.24","1.0899999999999999","0.6399999999999997","0.79","1.0","1.72","8.75","97.94238107980523","3.75","6581.231","4479.415","87598.0","58.72","1.2249679924722314","","1.48","443.9","155.83","1.178","-0.050000000000000266","4.14","2.8142105263","4.4826","2.06"
"2025-12-25","4.15","0.68","2.84","13.47","5739.308","1.1946","3.64","1.2834","3.47","3.7","4.79","1.46","1.91","2.58","2.24","2.24","1.0899999999999999","0.6399999999999997","0.79","1.0","1.72","8.75","97.94238107980523","3.75","6581.231","4479.415","87598.0","58.72","1.2249679924722314","","1.48","443.9","155.83","1.178","-0.050000000000000266","4.14","2.8142105263","4.4826","2.06"
"2025-12-26","4.14","0.68","2.86","13.6","5739.308","1.1895","3.64","1.2842","3.46","3.68","4.81","1.46","1.91","2.6","2.22","2.23","1.1299999999999994","0.6699999999999999","0.79","1.0","1.73","8.8","98.08818340103736","3.75","6581.231","4533.21","87393.5","56.6","1.2714897390590774","","1.48","445.61","156.63","1.1766","-0.06000000000000005","4.14","2.8142105263","4.4826","2.06"
"2025-12-27","4.14","0.68","2.86","13.6","5739.308","1.1895","3.64","1.2842","3.46","3.68","4.81","1.46","1.91","2.6","2.22","2.23","1.1299999999999994","0.6699999999999999","0.79","1.0","1.73","8.8","98.08818340103736","3.75","6581.231","4533.21","87393.5","56.6","1.2714897390590774","","1.48","445.61","156.63","1.1766","-0.06000000000000005","4.14","2.8142105263","4.4826","2.06"
"2025-12-28","4.14","0.68","2.86","13.6","5739.308","1.1895","3.64","1.2842","3.46","3.68","4.81","1.46","1.91","2.6","2.22","2.23","1.1299999999999994","0.6699999999999999","0.79","1.0","1.73","8.8","98.08818340103736","3.75","6581.231","4533.21","87393.5","56.6","1.2714897390590774","","1.48","445.61","156.63","1.1766","-0.06000000000000005","4.14","2.8142105263","4.4826","2.06"
"2025-12-29","4.12","0.67","2.87","14.2","5739.308","1.1891","3.64","1.2852","3.45","3.67","4.8","1.44","1.9","2.6","2.23","2.22","1.13","0.6799999999999997","0.79","1.0","1.74","8.78","98.11010525085584","3.75","6581.231","4332.56","87225.0","57.89","1.2666483557065567","","1.48","447.28","156.1","1.1756","-0.050000000000000266","4.14","2.8142105263","4.4826","2.06"
"2025-12-30","4.14","0.69","2.84","14.33","5739.308","1.1906","3.64","1.2835","3.45","3.68","4.81","1.43","1.9","2.6","2.25","2.24","1.1299999999999994","0.6699999999999999","0.79","1.01","1.71","8.73","98.09410614460174","3.75","6581.231","4339.405","88193.0","57.79","1.3054646892834385","","1.48","448.26","156.26","1.1765","-0.050000000000000266","4.14","2.8142105263","4.4826","2.06"
"2025-12-31","4.18","0.71","2.81","14.95","5697.319","1.1857","3.64","1.2859","3.47","3.73","4.84","1.47","1.93","2.62","2.26","2.25","1.1099999999999999","0.6600000000000001","0.79","1.01","1.69","8.85","98.35974991149811","3.75","6640.618","4322.61","87650.5","57.26","1.2988911791718432","","1.6","444.41","156.8","1.1736","-0.050000000000000266","4.14","2.8142105263","4.4826","2.06"
"2026-01-01","4.18","0.71","2.81","14.95","5697.319","1.1857","3.64","1.2859","3.47","3.73","4.84","1.47","1.93","2.62","2.26","2.25","1.1099999999999999","0.6600000000000001","0.79","1.01","1.69","8.85","98.35974991149811","3.75","6640.618","4322.61","87650.5","57.26","1.2988911791718432","","1.6","444.41","156.8","1.1736","-0.050000000000000266","4.21","2.8066666667","4.451","2.24"
"2026-01-02","4.19","0.72","2.83","14.51","5697.319","1.1797","3.64","1.2858","3.47","3.74","4.86","1.46","1.94","2.63","2.28","2.25","1.12","0.6699999999999999","0.79","1.01","1.71","8.88","98.3161364184627","3.75","6640.618","4332.065","90029.5","57.21","1.2971088845619816","","1.6","448.8","156.72","1.1738","-0.06000000000000005","4.21","2.8066666667","4.451","2.24"
"2026-01-03","4.19","0.72","2.83","14.51","5697.319","1.1797","3.64","1.2858","3.47","3.74","4.86","1.46","1.94","2.63","2.28","2.25","1.12","0.6699999999999999","0.79","1.01","1.71","8.88","98.3161364184627","3.75","6640.618","4332.065","90029.5","57.21","1.2971088845619816","","1.6","448.8","156.72","1.1738","-0.06000000000000005","4.21","2.8066666667","4.451","2.24"
"2026-01-04","4.19","0.72","2.83","14.51","5697.319","1.1797","3.64","1.2858","3.47","3.74","4.86","1.46","1.94","2.63","2.28","2.25","1.12","0.6699999999999999","0.79","1.01","1.71","8.88","98.3161364184627","3.75","6640.618","4332.065","90029.5","57.21","1.2971088845619816","","1.6","448.8","156.72","1.1738","-0.06000000000000005","4.21","2.8066666667","4.451","2.24"
"2026-01-05","4.17","0.71","2.81","14.9","5697.319","1.1781","3.64","1.2832","3.46","3.71","4.85","1.42","1.91","2.61","2.29","2.26","1.1399999999999997","0.6799999999999997","0.79","1.01","1.69","8.83","98.3572380382555","3.75","6640.618","4449.17","94114.5","58.1","1.3284635111717467","","1.6","456.88","156.32","1.1715","-0.07000000000000028","4.21","2.8066666667","4.451","2.24"
"2026-01-06","4.18","0.71","2.79","14.75","5697.319","1.1793","3.64","1.28","3.47","3.72","4.86","1.42","1.91","2.62","2.3","2.27","1.1400000000000001","0.6800000000000006","0.79","1.0","1.68","8.74","98.58666851975295","3.75","6640.618","4494.635","93259.5","56.97","1.3308333157197414","","1.6","463.16","156.7","1.1689","-0.08000000000000007","4.21","2.8066666667","4.451","2.24"
"2026-01-07","4.15","0.68","2.79","15.38","5772.872","1.1778","3.64","1.2818","3.47","3.7","4.82","1.4","1.88","2.59","2.3","2.27","1.12","0.6699999999999999","0.79","1.01","1.7","8.7","98.62196855554289","3.75","6573.602","4456.65","91049.0","56.01","1.296105819393491","","1.6","459.94","156.73","1.169","-0.08000000000000007","4.21","2.8066666667","4.451","2.24"
"2026-01-08","4.19","0.7","2.76","15.45","5772.872","1.1754","3.64","1.2852","3.49","3.74","4.85","1.43","1.92","2.62","2.31","2.27","1.1099999999999994","0.6599999999999993","0.79","1.01","1.67","8.68","98.90218206347583","3.75","6573.602","4477.565","91231.0","57.74","1.2800126854663194","","1.6","456.11","156.9","1.1655","-0.08000000000000007","4.21","2.8066666667","4.451","2.24"
"2026-01-09","4.18","0.64","2.74","14.49","5772.872","1.162","3.64","1.2868","3.54","3.75","4.82","1.43","1.9","2.58","2.32","2.28","1.0700000000000003","0.6400000000000006","0.78","0.99","1.65","8.65","99.13905078089005","3.75","6573.602","4509.66","90411.0","58.96","1.29021256591406","","1.6","456.88","158.07","1.1634","-0.07000000000000028","4.21","2.8066666667","4.451","2.24"
"2026-01-10","4.18","0.64","2.74","14.49","5772.872","1.162","3.64","1.2868","3.54","3.75","4.82","1.43","1.9","2.58","2.32","2.28","1.0700000000000003","0.6400000000000006","0.78","0.99","1.65","8.65","99.13905078089005","3.75","6573.602","4509.66","90411.0","58.96","1.29021256591406","","1.6","456.88","158.07","1.1634","-0.07000000000000028","4.21","2.8066666667","4.451","2.24"
"2026-01-11","4.18","0.64","2.74","14.49","5772.872","1.162","3.64","1.2868","3.54","3.75","4.82","1.43","1.9","2.58","2.32","2.28","1.0700000000000003","0.6400000000000006","0.78","0.99","1.65","8.65","99.13905078089005","3.75","6573.602","4509.66","90411.0","58.96","1.29021256591406","","1.6","456.88","158.07","1.1634","-0.07000000000000028","4.21","2.8066666667","4.451","2.24"
"2026-01-12","4.19","0.65","2.74","15.12","5772.872","1.1569","3.64","1.2852","3.54","3.77","4.83","1.41","1.9","2.59","2.36","2.29","1.06","0.6399999999999997","0.78","0.99","1.65","8.64","98.87253637027527","3.75","6573.602","4597.65","90954.5","59.39","1.2910726131828218","","1.6","457.48","158.15","1.1672","-0.06000000000000005","4.21","2.8066666667","4.451","2.24"
"2026-01-13","4.18","0.65","2.75","15.98","5772.872","1.153","3.64","1.2886","3.53","3.75","4.83","1.38","1.88","2.58","2.37","2.3","1.08","0.6500000000000004","0.77","0.98","1.66","8.64","99.13687283937622","3.75","6573.602","4586.005","94108.0","60.85","1.2934831078465898","","1.6","456.86","159.06","1.1646","-0.050000000000000266","4.21","2.8066666667","4.451","2.24"
"2026-01-14","4.15","0.64","2.76","16.75","5799.302","1.1505","3.64","1.287","3.51","3.72","4.79","1.36","1.86","2.56","2.36","2.29","1.0699999999999998","0.6399999999999997","0.77","0.98","1.67","8.63","98.97996284686445","3.75","6581.7","4626.575","97442.5","61.84","1.3015762199899494","","1.6","455.29","158.13","1.1655","-0.06000000000000005","4.21","2.8066666667","4.451","2.24"
"2026-01-15","4.17","0.61","2.71","15.84","5799.302","1.1517","3.64","1.2879","3.56","3.77","4.79","1.41","1.88","2.55","2.36","2.29","1.02","0.6200000000000001","0.76","0.97","1.62","8.56","99.36109776553162","3.75","6581.7","4616.04","95561.0","59.13","1.2829741510038908","","1.39","454.77","158.5","1.1605","-0.040000000000000036","4.21","2.8066666667","4.451","2.24"
"2026-01-16","4.24","0.65","2.65","15.86","5799.302","1.1499","3.64","1.2887","3.59","3.82","4.83","1.43","1.91","2.58","2.39","2.33","1.0100000000000002","0.5899999999999999","0.75","0.96","1.58","8.52","99.36826078918925","3.75","6581.7","4596.32","95489.0","59.4","1.258097782573885","","1.39","454.9","158.02","1.1599","-0.040000000000000036","4.21","2.8066666667","4.451","2.24"
"2026-01-17","4.24","0.65","2.65","15.86","5799.302","1.1499","3.64","1.2887","3.59","3.82","4.83","1.43","1.91","2.58","2.39","2.33","1.0100000000000002","0.5899999999999999","0.75","0.96","1.58","8.52","99.36826078918925","3.75","6581.7","4596.32","95489.0","59.4","1.258097782573885","","1.39","454.9","158.02","1.1599","-0.040000000000000036","4.21","2.8066666667","4.451","2.24"
"2026-01-18","4.24","0.65","2.65","15.86","5799.302","1.1499","3.64","1.2887","3.59","3.82","4.83","1.43","1.91","2.58","2.39","2.33","1.0100000000000002","0.5899999999999999","0.75","0.96","1.58","8.52","99.36826078918925","3.75","6581.7","4596.32","95489.0","59.4","1.258097782573885","","1.39","454.9","158.02","1.1599","-0.040000000000000036","4.21","2.8066666667","4.451","2.24"
"2026-01-19","4.24","0.65","2.65","18.84","5799.302","1.146","3.64","1.2887","3.59","3.82","4.83","1.43","1.91","2.58","2.39","2.33","1.0100000000000002","0.5899999999999999","0.75","0.96","1.58","8.51","99.36826078918925","3.75","6581.7","4670.295","92979.5","59.4","1.250721849476318","","1.39","451.14","158.02","1.1599","-0.040000000000000036","4.21","2.8066666667","4.451","2.24"
"2026-01-20","4.3","0.7","2.73","20.09","5799.302","1.1415","3.64","1.2828","3.6","3.86","4.91","1.46","1.97","2.65","2.4","2.33","1.0500000000000003","0.6100000000000003","0.75","0.96","1.65","8.64","98.41683577286425","3.75","6581.7","4763.37","89410.5","60.3","1.2106722761406314","","1.39","451.96","157.89","1.1739","-0.03000000000000025","4.21","2.8066666667","4.451","2.24"
"2026-01-21","4.26","0.66","2.69","16.9","5711.975","1.1383","3.64","1.2833","3.6","3.83","4.87","1.41","1.92","2.6","2.42","2.34","1.04","0.6100000000000003","0.74","0.95","1.62","8.55","98.6498146087089","3.75","6584.58","4831.38","90209.5","60.38","1.1885506832416413","","1.39","452.64","158.16","1.1705","-0.020000000000000018","4.21","2.8066666667","4.451","2.24"
"2026-01-22","4.26","0.65","2.64","15.64","5711.975","1.1384","3.64","1.2811","3.61","3.85","4.84","1.43","1.95","2.58","2.42","2.31","0.9899999999999998","0.5800000000000001","0.73","0.93","1.57","8.43","98.39747900628252","3.75","6584.58","4936.055","89191.0","59.24","1.1630380941865517","","1.39","454.04","158.36","1.1738","-0.03000000000000025","4.21","2.8066666667","4.451","2.24"
"2026-01-23","4.24","0.64","2.68","16.09","5711.975","1.1436","3.64","1.276","3.6","3.84","4.82","1.38","1.92","2.56","2.46","2.32","0.9800000000000004","0.5800000000000001","0.73","0.94","1.61","8.49","98.01383709348856","3.75","6584.58","4987.545","89238.5","60.7","1.1782570382823614","","1.39","462.47","157.57","1.1771","-0.03000000000000025","4.21","2.8066666667","4.451","2.24"
"2026-01-24","4.24","0.64","2.68","16.09","5711.975","1.1436","3.64","1.276","3.6","3.84","4.82","1.38","1.92","2.56","2.46","2.32","0.9800000000000004","0.5800000000000001","0.73","0.94","1.61","8.49","98.01383709348856","3.75","6584.58","4987.545","89238.5","60.7","1.1782570382823614","","1.39","462.47","157.57","1.1771","-0.03000000000000025","4.21","2.8066666667","4.451","2.24"
"2026-01-25","4.24","0.64","2.68","16.09","5711.975","1.1436","3.64","1.276","3.6","3.84","4.82","1.38","1.92","2.56","2.46","2.32","0.9800000000000004","0.5800000000000001","0.73","0.94","1.61","8.49","98.01383709348856","3.75","6584.58","4987.545","89238.5","60.7","1.1782570382823614","","1.39","462.47","157.57","1.1771","-0.03000000000000025","4.21","2.8066666667","4.451","2.24"
"2026-01-26","4.22","0.66","2.69","16.15","5711.975","1.1458","3.64","1.2683","3.56","3.82","4.8","1.37","1.9","2.54","2.45","2.32","0.98","0.5800000000000001","0.74","0.94","1.62","8.52","96.94858431245589","3.75","6584.58","5008.875","87975.5","60.46","1.1674917022285443","","1.39","458.07","153.88","1.1886","-0.020000000000000018","4.21","2.8066666667","4.451","2.24"
"2026-01-27","4.24","0.71","2.71","16.35","5711.975","1.1465","3.64","1.2625","3.53","3.81","4.83","1.34","1.9","2.56","2.47","2.34","1.02","0.5899999999999999","0.73","0.94","1.64","8.46","96.22213534240674","3.75","6584.58","5180.625","88929.0","62.04","1.1372874894438412","","1.39","463.3","153.03","1.198","-0.03000000000000025","4.21","2.8066666667","4.451","2.24"
"2026-01-28","4.26","0.7","2.72","16.35","5663.423","1.1505","3.64","1.2638","3.56","3.83","4.85","1.33","1.9","2.57","2.5","2.36","1.0199999999999996","0.5899999999999999","0.73","0.93","1.65","8.38","96.46549039543773","3.75","6587.568","5418.505","89263.5","62.75","1.0962654828222913","","1.39","464.96","153.6","1.1941","-0.010000000000000231","4.21","2.8066666667","4.451","2.24"
"2026-01-29","4.24","0.71","2.77","16.88","5663.423","1.1559","3.64","1.2651","3.53","3.8","4.85","1.28","1.89","2.58","2.52","2.35","1.0499999999999998","0.6099999999999994","0.74","0.94","1.68","8.54","96.33152048214889","3.75","6587.568","5370.31","84363.5","64.77","1.1582608825188863","","1.37","463.98","152.88","1.1943","-0.020000000000000018","4.21","2.8066666667","4.451","2.24"
"2026-01-30","4.26","0.74","2.8","17.44","5663.423","1.1502","3.64","1.2699","3.52","3.79","4.87","1.26","1.9","2.6","2.53","2.36","1.08","0.6100000000000003","0.74","0.94","1.71","8.55","96.83527311410718","3.75","6587.568","4895.44","84247.5","64.5","1.2083326524275655","","1.37","457.24","154.34","1.1885","-0.03000000000000025","4.21","2.8066666667","4.451","2.24"
"2026-01-31","4.26","0.74","2.88","17.44","5663.423","1.1502","3.64","1.2699","3.52","3.79","4.87","1.26","1.9","2.6","2.53","2.36","1.08","0.6100000000000003","0.75","0.95","1.74","8.74","96.83527311410718","3.75","6587.568","4895.44","84247.5","64.5","1.2083326524275655","","1.37","457.24","154.34","1.1885","-0.03000000000000025","4.21","2.8066666667","4.451","2.24"
"2026-02-01","4.26","0.74","2.88","17.44","5663.423","1.1502","3.64","1.2699","3.52","3.79","4.87","1.26","1.9","2.6","2.53","2.36","1.08","0.6100000000000003","0.75","0.95","1.74","8.74","96.83527311410718","3.75","6587.568","4895.44","84247.5","64.5","1.2083326524275655","","1.37","457.24","154.34","1.1885","-0.03000000000000025","4.13","2.745","4.4324","2.11"
"2026-02-02","4.29","0.72","2.81","16.34","5663.423","1.1478","3.64","1.2716","3.57","3.83","4.9","1.31","1.94","2.63","2.52","2.35","1.0700000000000003","0.6100000000000003","0.74","0.93","1.67","8.68","97.52589369666762","3.75","6587.568","4661.04","78437.0","61.6","1.2410105899112645","","1.37","457.96","155.5","1.1807","-0.020000000000000018","4.13","2.745","4.4324","2.11"
"2026-02-03","4.28","0.71","2.85","18","5663.423","1.1472","3.64","1.2693","3.57","3.83","4.9","1.3","1.92","2.62","2.53","2.36","1.0700000000000003","0.6200000000000001","0.74","0.94","1.72","8.74","97.37551344173406","3.75","6587.568","4946.805","76145.0","62.62","1.2222272759892496","","1.37","453.66","155.7","1.1819","-0.020000000000000018","4.13","2.745","4.4324","2.11"
"2026-02-04","4.29","0.72","2.86","18.64","5694.722","1.1463","3.64","1.2721","3.57","3.83","4.91","1.32","1.94","2.63","2.51","2.35","1.08","0.6200000000000001","0.75","0.95","1.71","8.8","97.63120579878426","3.75","6605.909000000001","4964.455","72636.5","64.56","1.1842750110535798","","1.37","457.11","156.61","1.1803","-0.020000000000000018","4.13","2.745","4.4324","2.11"
"2026-02-05","4.21","0.74","2.97","21.77","5694.722","1.1469","3.64","1.273","3.47","3.74","4.85","1.26","1.89","2.59","2.48","2.32","1.1099999999999994","0.6399999999999997","0.76","0.96","1.8","9.0","97.7656568043936","3.75","6605.909000000001","4780.675","63160.0","62.9","1.1869537251538747","","1.37","455.83","156.91","1.1802","-0.06000000000000005","4.13","2.745","4.4324","2.11"
"2026-02-06","4.22","0.72","2.87","17.76","5694.722","1.1454","3.64","1.2713","3.5","3.76","4.85","1.26","1.88","2.58","2.5","2.34","1.0899999999999999","0.6299999999999999","0.76","0.96","1.71","8.92","97.66683827035448","3.75","6605.909000000001","4964.62","70306.5","63.77","1.1759329012089546","","1.37","461.3","157.1","1.1812","-0.050000000000000266","4.13","2.745","4.4324","2.11"
"2026-02-07","4.22","0.72","2.87","17.76","5694.722","1.1454","3.64","1.2713","3.5","3.76","4.85","1.26","1.88","2.58","2.5","2.34","1.0899999999999999","0.6299999999999999","0.76","0.96","1.71","8.92","97.66683827035448","3.75","6605.909000000001","4964.62","70306.5","63.77","1.1759329012089546","","1.37","461.3","157.1","1.1812","-0.050000000000000266","4.13","2.745","4.4324","2.11"
"2026-02-08","4.22","0.72","2.87","17.76","5694.722","1.1454","3.64","1.2713","3.5","3.76","4.85","1.26","1.88","2.58","2.5","2.34","1.0899999999999999","0.6299999999999999","0.76","0.96","1.71","8.92","97.66683827035448","3.75","6605.909000000001","4964.62","70306.5","63.77","1.1759329012089546","","1.37","461.3","157.1","1.1812","-0.050000000000000266","4.13","2.745","4.4324","2.11"
"2026-02-09","4.22","0.74","2.84","17.36","5694.722","1.1451","3.64","1.2658","3.48","3.75","4.85","1.25","1.87","2.57","2.5","2.35","1.0999999999999996","0.6299999999999999","0.76","0.96","1.68","8.87","97.00071434139703","3.75","6605.909000000001","5057.775","70360.5","64.53","1.169561714390221","","1.37","457.6","156.08","1.1898","-0.050000000000000266","4.13","2.745","4.4324","2.11"
"2026-02-10","4.16","0.71","2.86","17.79","5694.722","1.1427","3.64","1.2647","3.45","3.7","4.78","1.23","1.84","2.53","2.47","2.32","1.08","0.6200000000000001","0.77","0.98","1.69","8.92","96.80240318738733","3.75","6605.909000000001","5025.12","68591.5","64.2","1.1660457859712803","","1.37","459.23","154.28","1.1898","-0.06000000000000005","4.13","2.745","4.4324","2.11"
"2026-02-11","4.18","0.66","2.84","17.65","5706.028","1.1413","3.64","1.2616","3.52","3.75","4.82","1.26","1.86","2.55","2.49","2.32","1.0700000000000003","0.6400000000000006","0.77","0.98","1.68","8.85","96.7958127990302","3.75","6622.3820000000005","5084.28","67792.5","64.8","1.1707773765410245","","1.37","463.08","152.93","1.1884","-0.040000000000000036","4.13","2.745","4.4324","2.11"
"2026-02-12","4.09","0.62","2.92","20.82","5706.028","1.1422","3.64","1.2618","3.47","3.67","4.72","1.22","1.8","2.48","2.45","2.29","1.0499999999999998","0.6299999999999999","0.78","0.99","1.75","8.97","96.90443257312349","3.75","6622.3820000000005","4921.94","65755.5","63.08","1.164906520599601","","1.36","460.06","152.64","1.187","-0.06000000000000005","4.13","2.745","4.4324","2.11"
"2026-02-13","4.04","0.64","2.95","20.6","5706.028","1.1434","3.64","1.2622","3.4","3.61","4.69","1.19","1.77","2.46","2.42","2.27","1.0800000000000005","0.6500000000000004","0.79","1.0","1.78","9.06","96.90474383828085","3.75","6622.3820000000005","5042.74","68800.5","63.05","1.1393528121616423","","1.36","453.86","152.77","1.187","-0.050000000000000266","4.13","2.745","4.4324","2.11"
"2026-02-14","4.04","0.64","2.95","20.6","5706.028","1.1434","3.64","1.2622","3.4","3.61","4.69","1.19","1.77","2.46","2.42","2.27","1.0800000000000005","0.6500000000000004","0.79","1.0","1.78","9.06","96.90474383828085","3.75","6622.3820000000005","5042.74","68800.5","63.05","1.1393528121616423","","1.36","453.86","152.77","1.187","-0.050000000000000266","4.13","2.745","4.4324","2.11"
"2026-02-15","4.04","0.64","2.95","20.6","5706.028","1.1434","3.64","1.2622","3.4","3.61","4.69","1.19","1.77","2.46","2.42","2.27","1.0800000000000005","0.6500000000000004","0.79","1.0","1.78","9.06","96.90474383828085","3.75","6622.3820000000005","5042.74","68800.5","63.05","1.1393528121616423","","1.36","453.86","152.77","1.187","-0.050000000000000266","4.13","2.745","4.4324","2.11"
"2026-02-16","4.04","0.64","2.94","21.2","5706.028","1.1413","3.64","1.2622","3.4","3.61","4.69","1.19","1.77","2.46","2.42","2.27","1.0800000000000005","0.6500000000000004","0.79","1.0","1.77","8.96","96.90474383828085","3.75","6622.3820000000005","4992.005","68902.5","63.05","1.1473506136311962","","1.36","453.34","152.77","1.187","-0.050000000000000266","4.13","2.745","4.4324","2.11"
"2026-02-17","4.05","0.62","2.94","20.29","5706.028","1.1413","3.64","1.2637","3.43","3.63","4.68","1.24","1.79","2.47","2.39","2.26","1.0499999999999998","0.6299999999999999","0.8","1.01","1.77","9.0","97.31128918452873","3.75","6622.3820000000005","4877.96","67645.0","62.53","1.1562579438945788","","1.36","454.96","153.57","1.1831","-0.050000000000000266","4.13","2.745","4.4324","2.11"
"2026-02-18","4.09","0.62","2.86","19.62","5699.812","1.1413","3.64","1.2654","3.47","3.66","4.71","1.23","1.8","2.48","2.43","2.29","1.0499999999999998","0.6200000000000001","0.78","0.99","1.71","8.87","97.50782821690765","3.75","6613.395","4977.26","66316.0","65.33","1.154141033419994","","1.36","459.04","154.45","1.181","-0.040000000000000036","4.13","2.745","4.4324","2.11"
"2026-02-19","4.08","0.61","2.88","20.23","5699.812","1.1422","3.64","1.2688","3.47","3.65","4.7","1.22","1.79","2.47","2.43","2.29","1.0500000000000003","0.6200000000000001","0.79","0.99","1.72","8.88","97.92238399998472","3.75","6613.395","4996.49","66913.5","66.66","1.1464087789628319","","1.36","463.96","154.96","1.1762","-0.040000000000000036","4.13","2.745","4.4324","2.11"
"2026-02-20","4.08","0.6","2.86","19.09","5699.812","1.133","3.64","1.2668","3.48","3.65","4.72","1.22","1.8","2.48","2.43","2.28","1.0699999999999998","0.6399999999999997","0.78","0.99","1.7","8.87","97.77156932104255","3.75","6613.395","5107.535","67784.5","66.69","1.1425942259818092","","1.36","470.24","154.99","1.1781","-0.03000000000000025","4.13","2.745","4.4324","2.11"
"2026-02-21","4.08","0.6","2.86","19.09","5699.812","1.133","3.64","1.2668","3.48","3.65","4.72","1.22","1.8","2.48","2.43","2.28","1.0699999999999998","0.6399999999999997","0.78","0.99","1.7","8.87","97.77156932104255","3.75","6613.395","5107.535","67784.5","66.69","1.1425942259818092","","1.36","470.24","154.99","1.1781","-0.03000000000000025","4.13","2.745","4.4324","2.11"
"2026-02-22","4.08","0.6","2.86","19.09","5699.812","1.133","3.64","1.2668","3.48","3.65","4.72","1.22","1.8","2.48","2.43","2.28","1.0699999999999998","0.6399999999999997","0.78","0.99","1.7","8.87","97.77156932104255","3.75","6613.395","5107.535","67784.5","66.69","1.1425942259818092","","1.36","470.24","154.99","1.1781","-0.03000000000000025","4.13","2.745","4.4324","2.11"
"2026-02-23","4.03","0.6","2.95","21.01","5699.812","1.1269","3.64","1.2653","3.43","3.59","4.7","1.19","1.77","2.49","2.4","2.26","1.1100000000000003","0.6699999999999999","0.8","1.01","1.78","9.04","97.58088990879351","3.75","6613.395","5226.87","64551.5","66.36","1.1030234155431453","","1.36","464.52","154.3","1.1804","-0.020000000000000018","4.13","2.745","4.4324","2.11"
"2026-02-24","4.04","0.61","2.97","19.55","5699.812","1.1244","3.64","1.2658","3.43","3.61","4.7","1.21","1.78","2.48","2.4","2.26","1.0900000000000003","0.6600000000000001","0.81","1.02","1.78","9.15","97.7539407786654","3.75","6613.395","5143.925","64045.5","65.62","1.1408447829235457","","1.36","461.94","155.66","1.1789","-0.020000000000000018","4.13","2.745","4.4324","2.11"
"2026-02-25","4.05","0.6","2.94","17.93","5725.026","1.1244","3.64","1.2633","3.45","3.61","4.7","1.19","1.77","2.47","2.42","2.28","1.0900000000000003","0.6500000000000004","0.8","1.01","1.75","9.18","97.7004557851555","3.75","6613.7970000000005","5163.32","68923.0","65.3","1.1529151786060132","","1.36","459.74","156.3","1.1804","-0.020000000000000018","4.13","2.745","4.4324","2.11"
"2026-02-26","4.02","0.6","2.98","18.63","5725.026","1.1226","3.64","1.264","3.42","3.57","4.67","1.14","1.74","2.44","2.43","2.28","1.1","0.6500000000000004","0.82","1.03","1.79","9.27","97.80040569503427","3.75","6613.7970000000005","5185.205","67453.0","65.1","1.1446297687362408","","1.36","457.21","156.13","1.1792","-0.03000000000000025","4.13","2.745","4.4324","2.11"
"2026-02-27","3.97","0.59","3.1","19.86","5725.026","1.1219","3.64","1.2643","3.38","3.51","4.64","1.11","1.72","2.43","2.4","2.25","1.13","0.6699999999999995","0.85","1.07","1.89","9.5","97.62022647081012","3.75","6613.7970000000005","5278.51","65537.5","66.96","1.1305122089377495","","1.36","456.26","156.05","1.1822","-0.040000000000000036","4.13","2.745","4.4324","2.11"
"2026-02-28","3.97","0.59","3.12","19.86","5725.026","1.1219","3.64","1.2643","3.38","3.51","4.64","1.11","1.72","2.43","2.4","2.25","1.13","0.6699999999999995","0.86","1.08","1.91","9.52","97.62022647081012","3.75","6613.7970000000005","5278.51","65537.5","66.96","1.1305122089377495","","1.36","456.26","156.05","1.1822","-0.040000000000000036","4.13","2.745","4.4324","2.11"
"2026-03-01","3.97","0.59","3.12","19.86","5725.026","1.1219","3.64","1.2643","3.38","3.51","4.64","1.11","1.72","2.43","2.4","2.25","1.13","0.6699999999999995","0.86","1.08","1.91","9.52","97.62022647081012","3.75","6613.7970000000005","5278.51","65537.5","66.96","1.1305122089377495","","1.36","456.26","156.05","1.1822","-0.040000000000000036","4.25","2.91","4.7007","2.345"
"2026-03-02","4.05","0.58","3.03","21.44","5725.026","1.1232","3.64","1.2747","3.47","3.62","4.7","1.16","1.76","2.47","2.46","2.29","1.08","0.6500000000000004","0.85","1.06","1.82","9.45","98.59024374225218","3.75","6613.7970000000005","5321.935","69440.0","71.13","1.1044385171934643","","1.36","450.46","157.48","1.169","0.040000000000000036","4.25","2.91","4.7007","2.345"
"2026-03-03","4.06","0.55","3.08","23.57","5725.026","1.1218","3.64","1.2783","3.51","3.63","4.7","1.17","1.77","2.48","2.46","2.29","1.0700000000000003","0.6400000000000006","0.84","1.06","1.86","9.57","99.12368173094659","3.75","6613.7970000000005","5088.835","68061.0","74.48","1.1302292174928055","","1.36","440.64","157.69","1.1604","0.040000000000000036","4.25","2.91","4.7007","2.345"
"2026-03-04","4.09","0.55","2.97","21.15","5795.964","1.1197","3.64","1.2744","3.54","3.67","4.72","1.21","1.8","2.5","2.46","2.29","1.0499999999999998","0.6299999999999999","0.82","1.03","1.76","9.42","98.79051189852287","3.75","6628.894","5140.945","73367.5","74.58","1.1324338229644553","","1.36","439.68","156.93","1.1638","0.040000000000000036","4.25","2.91","4.7007","2.345"
"2026-03-05","4.13","0.56","3","23.75","5795.964","1.116","3.64","1.2799","3.57","3.72","4.74","1.21","1.82","2.52","2.51","2.31","1.02","0.6100000000000003","0.82","1.04","1.8","9.44","99.21656627237745","3.75","6628.894","5081.38","71171.5","80.88","1.1310037824370547","","1.36","436.65","157.58","1.1585","0.040000000000000036","4.25","2.91","4.7007","2.345"
"2026-03-06","4.15","0.59","3.13","29.49","5795.964","1.1073","3.64","1.2776","3.56","3.72","4.77","1.16","1.8","2.54","2.56","2.35","1.0499999999999994","0.6199999999999992","0.84","1.06","1.91","9.59","98.94387748970479","3.75","6628.894","5171.5","68332.0","90.77","1.112957555834864","","1.36","435.08","157.64","1.1606","0.020000000000000018","4.25","2.91","4.7007","2.345"
"2026-03-07","4.15","0.59","3.13","29.49","5795.964","1.1073","3.64","1.2776","3.56","3.72","4.77","1.16","1.8","2.54","2.56","2.35","1.0499999999999994","0.6199999999999992","0.84","1.06","1.91","9.59","98.94387748970479","3.75","6628.894","5171.5","68332.0","90.77","1.112957555834864","","1.36","435.08","157.64","1.1606","0.020000000000000018","4.25","2.91","4.7007","2.345"
"2026-03-08","4.15","0.59","3.13","29.49","5795.964","1.1073","3.64","1.2776","3.56","3.72","4.77","1.16","1.8","2.54","2.56","2.35","1.0499999999999994","0.6199999999999992","0.84","1.06","1.91","9.59","98.94387748970479","3.75","6628.894","5171.5","68332.0","90.77","1.112957555834864","","1.36","435.08","157.64","1.1606","0.020000000000000018","4.25","2.91","4.7007","2.345"
"2026-03-09","4.12","0.56","3.19","25.5","5795.964","1.1067","3.64","1.277","3.56","3.71","4.72","1.15","1.78","2.51","2.56","2.34","1.0099999999999998","0.5999999999999996","0.85","1.07","1.96","9.69","99.04779950283626","3.75","6628.894","5137.915","69046.0","94.65","1.1337050145827636","","1.36","439.02","158.08","1.1592","0.040000000000000036","4.25","2.91","4.7007","2.345"
"2026-03-10","4.15","0.58","3.06","24.93","5795.964","1.1062","3.64","1.2703","3.57","3.73","4.78","1.2","1.82","2.56","2.53","2.33","1.0500000000000003","0.6299999999999999","0.84","1.06","1.87","9.45","98.62021059970688","3.75","6628.894","5192.51","70262.0","83.71","1.124870245796349","","1.36","439.94","157.6","1.1648","0.040000000000000036","4.25","2.91","4.7007","2.345"
"2026-03-11","4.21","0.57","3.09","24.23","5807.606","1.1055","3.64","1.2739","3.64","3.79","4.86","1.21","1.85","2.61","2.58","2.36","1.0700000000000003","0.6500000000000004","0.88","1.09","1.9","9.45","99.27470329502682","3.75","6646.344","5176.48","70718.0","86.8","1.126968519148147","","1.36","438.47","158.83","1.1566","0.040000000000000036","4.25","2.91","4.7007","2.345"
"2026-03-12","4.27","0.51","3.17","27.29","5807.606","1.1023","3.64","1.2777","3.76","3.88","4.88","1.25","1.89","2.63","2.63","2.38","1.0","0.6100000000000003","0.91","1.12","1.97","9.61","99.64397832502578","3.75","6646.344","5079.255","70191.5","95.61","1.1316265869699393","","1.37","434.52","159.21","1.1522","0.06000000000000005","4.25","2.91","4.7007","2.345"
"2026-03-13","4.28","0.55","3.28","27.19","5807.606","1.0926","3.64","1.2823","3.73","3.87","4.9","1.26","1.92","2.66","2.61","2.36","1.0300000000000002","0.6200000000000001","0.93","1.15","2.06","9.78","100.30512963077844","3.75","6646.344","5020.6","71350.5","98.48","1.116910329442696","","1.37","432.29","159.54","1.1444","0.06000000000000005","4.25","2.91","4.7007","2.345"
"2026-03-14","4.28","0.55","3.28","27.19","5807.606","1.0926","3.64","1.2823","3.73","3.87","4.9","1.26","1.92","2.66","2.61","2.36","1.0300000000000002","0.6200000000000001","0.93","1.15","2.06","9.78","100.30512963077844","3.75","6646.344","5020.6","71350.5","98.48","1.116910329442696","","1.37","432.29","159.54","1.1444","0.06000000000000005","4.25","2.91","4.7007","2.345"
"2026-03-15","4.28","0.55","3.28","27.19","5807.606","1.0926","3.64","1.2823","3.73","3.87","4.9","1.26","1.92","2.66","2.61","2.36","1.0300000000000002","0.6200000000000001","0.93","1.15","2.06","9.78","100.30512963077844","3.75","6646.344","5020.6","71350.5","98.48","1.116910329442696","","1.37","432.29","159.54","1.1444","0.06000000000000005","4.25","2.91","4.7007","2.345"
"2026-03-16","4.23","0.55","3.27","23.51","5807.606","1.0887","3.64","1.2788","3.68","3.8","4.86","1.22","1.87","2.62","2.58","2.36","1.0600000000000005","0.6299999999999999","0.94","1.16","2.06","9.73","99.94317283991099","3.75","6646.344","5006.565","74251.0","93.39","1.1518316450500494","","1.37","441.94","159.3","1.1487","0.08000000000000007","4.25","2.91","4.7007","2.345"
"2026-03-17","4.2","0.52","3.22","22.37","5807.606","1.0851","3.64","1.2767","3.68","3.79","4.85","1.17","1.83","2.6","2.62","2.37","1.0599999999999996","0.6499999999999995","0.92","1.14","2.02","9.63","99.66185513316384","3.75","6646.344","5005.755","74575.5","96.01","1.1380461089286233","","1.37","445.86","159.03","1.1525","0.06999999999999984","4.25","2.91","4.7007","2.345"
"2026-03-18","4.26","0.5","3.2","25.09","5802.189","1.0816","3.64","1.2795","3.76","3.87","4.88","1.21","1.86","2.61","2.66","2.4","1.0099999999999998","0.6200000000000001","0.91","1.13","2.0","9.64","99.81790180521554","3.75","6655.939","4818.415","71234.5","96.12","1.1232614874393343","","1.37","443.1","159.48","1.1513","0.10000000000000009","4.25","2.91","4.7007","2.345"
"2026-03-19","4.25","0.46","3.27","24.06","5802.189","1.0794","3.64","1.2806","3.79","3.88","4.83","1.27","1.88","2.6","2.61","2.37","0.9500000000000002","0.5800000000000001","0.9","1.13","2.04","9.76","99.69806642168994","3.75","6655.939","4651.2","70513.5","96.11","1.1730865153078776","","1.37","445.08","158.19","1.1515","0.11999999999999966","4.25","2.91","4.7007","2.345"
"2026-03-20","4.39","0.51","3.24","26.78","5802.189","1.0766","3.64","1.2819","3.88","4.01","4.96","1.38","2.01","2.72","2.63","2.38","0.9500000000000002","0.5700000000000003","0.88","1.11","2.0","9.79","99.69579065517374","3.75","6655.939","4497.48","70033.0","98.71","1.1655682737888775","","1.37","434.4","159.26","1.1543","0.1499999999999999","4.25","2.91","4.7007","2.345"
"2026-03-21","4.39","0.51","3.24","26.78","5802.189","1.0766","3.64","1.2819","3.88","4.01","4.96","1.38","2.01","2.72","2.63","2.38","0.9500000000000002","0.5700000000000003","0.88","1.11","2.0","9.79","99.69579065517374","3.75","6655.939","4497.48","70033.0","98.71","1.1655682737888775","","1.37","434.4","159.26","1.1543","0.1499999999999999","4.25","2.91","4.7007","2.345"
"2026-03-22","4.39","0.51","3.24","26.78","5802.189","1.0766","3.64","1.2819","3.88","4.01","4.96","1.38","2.01","2.72","2.63","2.38","0.9500000000000002","0.5700000000000003","0.88","1.11","2.0","9.79","99.69579065517374","3.75","6655.939","4497.48","70033.0","98.71","1.1655682737888775","","1.37","434.4","159.26","1.1543","0.1499999999999999","4.25","2.91","4.7007","2.345"
"2026-03-23","4.34","0.51","3.19","26.15","5802.189","1.0758","3.64","1.2775","3.83","3.95","4.91","1.42","2.01","2.69","2.53","2.33","0.96","0.5700000000000003","0.88","1.11","1.97","9.75","99.33523214114449","3.75","6655.939","4406.505","70900.5","89.33","1.231533834637655","","1.37","438.84","158.7","1.1587","0.1299999999999999","4.25","2.91","4.7007","2.345"
"2026-03-24","4.39","0.49","3.19","26.95","5802.189","1.0749","3.64","1.2795","3.9","4.03","4.94","1.48","2.06","2.72","2.55","2.33","0.9100000000000001","0.5500000000000007","0.87","1.09","1.96","9.77","99.43910458184985","3.75","6655.939","4474.265","70056.5","93.18","1.2223169615568141","","1.37","436.83","158.9","1.1578","0.13999999999999968","4.25","2.91","4.7007","2.345"
"2026-03-25","4.33","0.49","3.17","25.33","5782.307","1.0743","3.64","1.2802","3.84","3.96","4.89","1.45","2.02","2.69","2.51","2.31","0.9299999999999997","0.5599999999999996","0.87","1.09","1.95","9.74","99.5438876795216","3.75","6657.161","4506.845","70977.5","91.51","1.2119831056981103","","1.37","440.5","159.2","1.157","0.11999999999999966","4.25","2.91","4.7007","2.345"
"2026-03-26","4.42","0.46","3.21","27.44","5782.307","1.0733","3.64","1.284","3.96","4.08","4.93","1.52","2.08","2.71","2.56","2.34","0.8499999999999996","0.5099999999999998","0.88","1.11","1.99","9.84","99.80889924324441","3.75","6657.161","4378.05","68954.0","96.18","1.236317538630212","","1.46","438.86","159.65","1.1542","0.1299999999999999","4.25","2.91","4.7007","2.345"
"2026-03-27","4.44","0.56","3.42","31.05","5782.307","1.0715","3.64","1.287","3.88","4.06","4.98","1.5","2.13","2.78","2.56","2.31","0.9200000000000008","0.54","0.91","1.14","2.18","10.13","100.07219066744995","3.75","6657.161","4493.685","65990.0","101.26","1.2028301939277006","","1.46","437.24","160.16","1.152","0.10999999999999988","4.25","2.91","4.7007","2.345"
"2026-03-28","4.44","0.56","3.42","31.05","5782.307","1.0715","3.64","1.287","3.88","4.06","4.98","1.5","2.13","2.78","2.56","2.31","0.9200000000000008","0.54","0.91","1.14","2.18","10.13","100.07219066744995","3.75","6657.161","4493.685","65990.0","101.26","1.2028301939277006","","1.46","437.24","160.16","1.152","0.10999999999999988","4.25","2.91","4.7007","2.345"
"2026-03-29","4.44","0.56","3.42","31.05","5782.307","1.0715","3.64","1.287","3.88","4.06","4.98","1.5","2.13","2.78","2.56","2.31","0.9200000000000008","0.54","0.91","1.14","2.18","10.13","100.07219066744995","3.75","6657.161","4493.685","65990.0","101.26","1.2028301939277006","","1.46","437.24","160.16","1.152","0.10999999999999988","4.25","2.91","4.7007","2.345"
"2026-03-30","4.35","0.53","3.46","30.61","5782.307","1.0697","3.64","1.2908","3.82","3.97","4.91","1.4","2.04","2.72","2.57","2.31","0.94","0.5600000000000005","0.93","1.16","2.22","10.2","100.52325418671734","3.75","6657.161","4510.65","66601.5","104.69","1.204615742742177","","1.46","439.8","159.49","1.1454","0.08999999999999986","4.25","2.91","4.7007","2.345"
"2026-03-31","4.3","0.51","3.28","25.25","5782.307","1.0708","3.64","1.2893","3.79","3.92","4.88","1.38","2.0","2.69","2.54","2.3","0.96","0.5800000000000001","0.9","1.13","2.08","9.94","100.1963037238332","3.75","6657.161","4667.875","68210.5","102.86","1.1994622820876737","","1.46","448.14","159.08","1.1518","0.08000000000000007","4.25","2.91","4.7007","2.345"
"2026-04-01","4.33","0.52","3.16","24.54","5825.519","1.0705","3.64","1.2819","3.81","3.97","4.91","1.42","2.02","2.71","2.55","2.31","0.94","0.5800000000000001","0.87","1.1","1.97","9.81","99.38880438984583","3.75","6675.344","4758.2","68186.5","101.9","1.1698079105544112","","1.46","450.18","158.63","1.1614","0.08000000000000007","4.32","3.001","4.8207","2.515"
"2026-04-02","4.31","0.52","3.17","23.87","5825.519","1.0683","3.64","1.2846","3.79","3.94","4.88","1.37","1.97","2.66","2.57","2.34","0.94","0.5700000000000003","0.86","1.09","1.98","9.88","99.93155259022073","3.75","6675.344","4676.745","66941.5","113.23","1.2038886020084483","","1.46","448.18","159.34","1.1546","0.08000000000000007","4.32","3.001","4.8207","2.515"
"2026-04-03","4.35","0.51","3.13","23.87","5825.519","1.0683","3.64","1.2868","3.84","3.99","4.91","1.38","1.99","2.67","2.61","2.36","0.9199999999999999","0.5600000000000005","0.86","1.09","1.94","9.89","100.15727039237915","3.75","6675.344","4676.745","66829.0","113.23","1.2038886020084483","","1.46","447.28","159.64","1.1523","0.08999999999999986","4.32","3.001","4.8207","2.515"
"2026-04-04","4.35","0.51","3.13","23.87","5825.519","1.0683","3.64","1.2868","3.84","3.99","4.91","1.38","1.99","2.67","2.61","2.36","0.9199999999999999","0.5600000000000005","0.86","1.09","1.94","9.89","100.15727039237915","3.75","6675.344","4676.745","66829.0","113.23","1.2038886020084483","","1.46","447.28","159.64","1.1523","0.08999999999999986","4.32","3.001","4.8207","2.515"
"2026-04-05","4.35","0.51","3.13","23.87","5825.519","1.0683","3.64","1.2868","3.84","3.99","4.91","1.38","1.99","2.67","2.61","2.36","0.9199999999999999","0.5600000000000005","0.86","1.09","1.94","9.89","100.15727039237915","3.75","6675.344","4676.745","66829.0","113.23","1.2038886020084483","","1.46","447.28","159.64","1.1523","0.08999999999999986","4.32","3.001","4.8207","2.515"
"2026-04-06","4.34","0.5","3.05","24.17","5825.519","1.0669","3.64","1.2842","3.84","3.98","4.89","1.38","1.98","2.65","2.6","2.36","0.9099999999999997","0.5499999999999998","0.85","1.07","1.86","9.76","99.97379960834","3.75","6675.344","4649.95","69831.5","114.01","1.1954838224066924","","1.46","450.22","159.71","1.1545","0.10000000000000009","4.32","3.001","4.8207","2.515"
"2026-04-07","4.33","0.52","3.12","25.78","5825.519","1.0671","3.64","1.284","3.81","3.95","4.9","1.34","1.96","2.67","2.61","2.37","0.9500000000000002","0.5700000000000003","0.86","1.08","1.92","9.83","99.90226676913626","3.75","6675.344","4704.81","69313.5","114.58","1.1800030181877694","","1.46","446.7","159.9","1.1571","0.08999999999999986","4.32","3.001","4.8207","2.515"
"2026-04-08","4.29","0.5","2.94","21.04","5945.318","1.0675","3.64","1.273","3.79","3.92","4.89","1.36","1.96","2.66","2.56","2.33","0.9699999999999998","0.5999999999999996","0.83","1.05","1.78","9.53","98.85452882266613","3.75","6693.871","4718.96","71378.5","96.17","1.208978249444793","","1.46","452.8","158.39","1.1686","0.08999999999999986","4.32","3.001","4.8207","2.515"
"2026-04-09","4.29","0.51","2.9","19.49","5945.318","1.0675","3.64","1.2719","3.78","3.91","4.9","1.35","1.95","2.67","2.56","2.34","0.9900000000000002","0.6100000000000003","0.83","1.05","1.75","9.46","98.75031855558532","3.75","6693.871","4765.405","72419.0","99.62","1.1979674340376107","","1.47","450.58","158.87","1.1706","0.06999999999999984","4.32","3.001","4.8207","2.515"
"2026-04-10","4.31","0.5","2.94","19.23","5945.318","1.06","3.64","1.2731","3.81","3.94","4.91","1.36","1.95","2.67","2.58","2.36","0.9700000000000002","0.6000000000000005","0.82","1.04","1.77","9.54","98.69178169012392","3.75","6693.871","4749.685","73405.5","98.34","1.226207632716696","","1.47","453.04","159.22","1.1723","0.08000000000000007","4.32","3.001","4.8207","2.515"
"2026-04-11","4.31","0.5","2.94","19.23","5945.318","1.06","3.64","1.2731","3.81","3.94","4.91","1.36","1.95","2.67","2.58","2.36","0.9700000000000002","0.6000000000000005","0.82","1.04","1.77","9.54","98.69178169012392","3.75","6693.871","4749.685","73405.5","98.34","1.226207632716696","","1.47","453.04","159.22","1.1723","0.08000000000000007","4.32","3.001","4.8207","2.515"
"2026-04-12","4.31","0.5","2.94","19.23","5945.318","1.06","3.64","1.2731","3.81","3.94","4.91","1.36","1.95","2.67","2.58","2.36","0.9700000000000002","0.6000000000000005","0.82","1.04","1.77","9.54","98.69178169012392","3.75","6693.871","4749.685","73405.5","98.34","1.226207632716696","","1.47","453.04","159.22","1.1723","0.08000000000000007","4.32","3.001","4.8207","2.515"
"2026-04-13","4.3","0.52","2.95","19.12","5945.318","1.06","3.64","1.2743","3.78","3.92","4.9","1.31","1.92","2.65","2.61","2.38","0.9800000000000004","0.6000000000000005","0.82","1.04","1.79","9.58","98.76462846211975","3.75","6693.871","4740.34","73256.5","100.72","1.2569857858297084","","1.47","457.64","159.74","1.171","0.10000000000000009","4.32","3.001","4.8207","2.515"
"2026-04-14","4.26","0.5","2.84","18.36","5945.318","1.0576","3.64","1.2711","3.76","3.87","4.87","1.28","1.89","2.62","2.59","2.37","1.0","0.6100000000000003","0.81","1.02","1.72","9.31","98.13164598887072","3.75","6693.871","4841.76","74095.5","93.07","1.2473687254221606","","1.47","456.17","158.91","1.1791","0.08999999999999986","4.32","3.001","4.8207","2.515"
"2026-04-15","4.29","0.53","2.85","18.17","5954.119","1.0516","3.64","1.2708","3.76","3.9","4.89","1.29","1.9","2.63","2.61","2.39","0.9899999999999998","0.5999999999999996","0.8","1.01","1.73","9.24","98.07657720001018","3.75","6705.696","4790.94","74876.5","93.04","1.2596692924561779","","1.47","458.47","159.02","1.1799","0.08000000000000007","4.32","3.001","4.8207","2.515"
"2026-04-16","4.32","0.54","2.86","17.94","5954.119","1.0479","3.64","1.2718","3.78","3.91","4.93","1.31","1.93","2.68","2.6","2.39","1.0199999999999996","0.6099999999999994","0.81","1.01","1.75","9.21","98.17829460555619","3.75","6705.696","4790.66","75253.0","96.46","1.251142848793277","","1.47","456.03","159.07","1.1783","0.06999999999999984","4.32","3.001","4.8207","2.515"
"2026-04-17","4.26","0.55","2.83","17.48","5954.119","1.0399","3.64","1.2688","3.71","3.84","4.88","1.28","1.9","2.65","2.56","2.36","1.04","0.6200000000000001","0.8","1.01","1.74","9.12","97.93152636830632","3.75","6705.696","4831.61","77400.5","85.91","1.2501008980443373","","1.47","458.53","158.1","1.1801","0.04999999999999982","4.32","3.001","4.8207","2.515"
"2026-04-18","4.26","0.55","2.83","17.48","5954.119","1.0399","3.64","1.2688","3.71","3.84","4.88","1.28","1.9","2.65","2.56","2.36","1.04","0.6200000000000001","0.8","1.01","1.74","9.12","97.93152636830632","3.75","6705.696","4831.61","77400.5","85.91","1.2501008980443373","","1.47","458.53","158.1","1.1801","0.04999999999999982","4.32","3.001","4.8207","2.515"
"2026-04-19","4.26","0.55","2.83","17.48","5954.119","1.0399","3.64","1.2688","3.71","3.84","4.88","1.28","1.9","2.65","2.56","2.36","1.04","0.6200000000000001","0.8","1.01","1.74","9.12","97.93152636830632","3.75","6705.696","4831.61","77400.5","85.91","1.2501008980443373","","1.47","458.53","158.1","1.1801","0.04999999999999982","4.32","3.001","4.8207","2.515"
"2026-04-20","4.26","0.54","2.87","18.87","5954.119","1.04","3.64","1.2698","3.72","3.86","4.88","1.29","1.91","2.65","2.57","2.35","1.02","0.6200000000000001","0.81","1.01","1.77","9.15","98.04444655343917","3.75","6705.696","4820.43","76311.0","91.06","1.2466190775511727","","1.47","457.73","158.66","1.1785","0.08000000000000007","4.32","3.001","4.8207","2.515"
"2026-04-21","4.3","0.52","2.85","19.5","5954.119","1.0408","3.64","1.2727","3.78","3.91","4.89","1.31","1.92","2.65","2.6","2.38","0.9799999999999995","0.5899999999999999","0.8","1.0","1.74","9.13","98.31071803090573","3.75","6705.696","4720.69","75767.5","93.64","1.267170689030629","","1.47","452.24","159.39","1.1752","0.08999999999999986","4.32","3.001","4.8207","2.515"
"2026-04-22","4.3","0.51","2.84","18.92","5700.913","1.038","3.64","1.2751","3.79","3.91","4.9","1.3","1.92","2.65","2.61","2.38","0.9900000000000002","0.6000000000000005","0.79","0.99","1.73","9.13","98.55298668579441","3.75","6707.419","4740.455","78448.5","94.76","1.2868427186841769","","1.47","452.16","159.49","1.1714","0.08000000000000007","4.32","3.001","4.8207","2.515"
"2026-04-23","4.34","0.51","2.86","19.31","5700.913","1.0335","3.64","1.2761","3.83","3.96","4.92","1.38","1.92","2.65","2.58","2.42","0.96","0.5800000000000001","0.8","1.0","1.74","9.15","98.63179652748092","3.75","6707.419","4694.24","77895.5","99.27","1.2763258802276836","","1.4","446.4","159.44","1.1704","0.08000000000000007","4.32","3.001","4.8207","2.515"
"2026-04-24","4.31","0.53","2.86","18.71","5700.913","1.0208","3.64","1.2755","3.78","3.92","4.91","1.31","1.89","2.65","2.61","2.42","0.9900000000000002","0.6000000000000005","0.8","1.0","1.75","9.18","98.53731449544271","3.75","6707.419","4709.75","77751.5","98.42","1.2727554541111525","","1.4","445.76","159.35","1.1718","0.06999999999999984","4.32","3.001","4.8207","2.515"
"2026-04-25","4.31","0.53","2.86","18.71","5700.913","1.0208","3.64","1.2755","3.78","3.92","4.91","1.31","1.89","2.65","2.61","2.42","0.9900000000000002","0.6000000000000005","0.8","1.0","1.75","9.18","98.53731449544271","3.75","6707.419","4709.75","77751.5","98.42","1.2727554541111525","","1.4","445.76","159.35","1.1718","0.06999999999999984","4.32","3.001","4.8207","2.515"
"2026-04-26","4.31","0.53","2.86","18.71","5700.913","1.0208","3.64","1.2755","3.78","3.92","4.91","1.31","1.89","2.65","2.61","2.42","0.9900000000000002","0.6000000000000005","0.8","1.0","1.75","9.18","98.53731449544271","3.75","6707.419","4709.75","77751.5","98.42","1.2727554541111525","","1.4","445.76","159.35","1.1718","0.06999999999999984","4.32","3.001","4.8207","2.515"
"2026-04-27","4.35","0.57","2.84","18.02","5700.913","1.0201","3.64","1.2737","3.78","3.94","4.94","1.32","1.91","2.68","2.62","2.44","1.0000000000000004","0.5900000000000007","0.81","1.01","1.74","9.08","98.39400781036551","3.75","6707.419","4681.955","76988.5","99.89","1.2806680115464586","","1.4","443.1","159.29","1.1731","0.08000000000000007","4.32","3.001","4.8207","2.515"
"2026-04-28","4.36","0.52","2.85","17.83","5700.913","1.0198","3.64","1.2758","3.84","3.97","4.94","1.34","1.92","2.68","2.63","2.44","0.9700000000000002","0.5800000000000001","0.81","1.02","1.75","9.11","98.60550869728291","3.75","6707.419","4596.8","76459.0","103.45","1.2813914027149322","","1.4","440.34","159.53","1.1715","0.08000000000000007","4.32","3.001","4.8207","2.515"
"2026-04-29","4.42","0.5","2.82","18.81","5717.274","1.0182","3.64","1.2801","3.92","4.05","4.98","1.38","1.96","2.71","2.67","2.46","0.9300000000000006","0.5600000000000005","0.81","1.01","1.72","9.09","98.79995089842113","3.75","6699.95","4543.715","75697.0","110.47","1.286048970941179","","1.4","437.43","160.23","1.1695","0.08999999999999986","4.32","3.001","4.8207","2.515"
"2026-04-30","4.4","0.52","2.83","16.89","5717.274","1.0298","3.64","1.2738","3.88","4.02","4.98","1.35","1.94","2.71","2.67","2.46","0.9600000000000009","0.5800000000000001","0.81","1.02","1.74","9.09","98.16213148360964","3.75","6699.95","4622.065","76466.5","108.64","1.2854557432662677","","1.4","449.56","156.66","1.1729","0.06999999999999984","4.32","3.001","4.8207","2.515"
"2026-05-01","4.39","0.51","2.77","16.99","5717.274","1.0298","3.64","1.2717","3.88","4.02","4.97","1.33","1.91","2.67","2.69","2.48","0.9500000000000002","0.5800000000000001","0.81","1.01","1.69","9.04","97.94807635510561","3.75","6699.95","4613.87","77882.5","105.38","1.273254339632456","","1.4","447.94","156.76","1.1755","0.06999999999999984","4.48","3.0465","4.9416","2.65"
"2026-05-02","4.39","0.51","2.77","16.99","5717.274","1.0298","3.64","1.2717","3.88","4.02","4.97","1.33","1.91","2.67","2.69","2.48","0.9500000000000002","0.5800000000000001","0.81","1.01","1.69","9.04","97.94807635510561","3.75","6699.95","4613.87","77882.5","105.38","1.273254339632456","","1.4","447.94","156.76","1.1755","0.06999999999999984","4.48","3.0465","4.9416","2.65"
"2026-05-03","4.39","0.51","2.77","16.99","5717.274","1.0298","3.64","1.2717","3.88","4.02","4.97","1.33","1.91","2.67","2.69","2.48","0.9500000000000002","0.5800000000000001","0.81","1.01","1.69","9.04","97.94807635510561","3.75","6699.95","4613.87","77882.5","105.38","1.273254339632456","","1.4","447.94","156.76","1.1755","0.06999999999999984","4.48","3.0465","4.9416","2.65"
"2026-05-04","4.45","0.5","2.78","18.29","5717.274","1.0356","3.64","1.2771","3.95","4.08","5.02","1.36","1.95","2.71","2.72","2.5","0.9399999999999995","0.5699999999999994","0.8","1.01","1.7","9.1","98.41444301693916","3.75","6699.95","4524.115","79936.5","109.76","1.2779294956030076","","1.4","441.76","157.21","1.1698","0.11999999999999966","4.48","3.0465","4.9416","2.65"
"2026-05-05","4.43","0.5","2.77","17.38","5717.274","1.0415","3.64","1.2744","3.93","4.08","4.98","1.41","1.96","2.69","2.67","2.47","0.9000000000000004","0.5500000000000007","0.79","0.99","1.69","9.11","98.3547335271016","3.75","6699.95","4557.535","81663.0","105.66","1.296738258729774","","1.4","445.75","157.68","1.1707","0.10999999999999988","4.48","3.0465","4.9416","2.65"
"2026-05-06","4.36","0.49","2.75","17.39","5830.111","1.0463","3.64","1.2682","3.87","3.99","4.94","1.41","1.94","2.67","2.58","2.42","0.9500000000000002","0.5800000000000001","0.78","0.99","1.68","9.07","97.99848578509571","3.75","6709.505","4690.935","81407.0","98.75","1.3020815679603321","","1.4","449.31","156.44","1.1753","0.10000000000000009","4.48","3.0465","4.9416","2.65"
"2026-05-07","4.41","0.49","2.79","17.08","5830.111","1.0514","3.63","1.2669","3.92","4.04","4.97","1.43","1.96","2.68","2.61","2.45","0.9299999999999997","0.5599999999999996","0.79","0.99","1.71","9.15","97.935246324454","3.75","6709.505","4687.18","79860.5","98.38","1.2905926377907397","","1.4","442.71","156.48","1.1764","0.11000000000000032","4.48","3.0465","4.9416","2.65"
"2026-05-08","4.38","0.48","2.81","17.19","5830.111","1.0709","3.63","1.2667","3.9","4.02","4.95","1.4","1.93","2.66","2.62","2.45","0.9300000000000006","0.5700000000000003","0.79","0.99","1.73","9.2","97.92311253070062","3.75","6709.505","4715.71","80123.5","98.87","1.3150130097058557","","1.4","445.46","156.64","1.1773","0.11000000000000032","4.48","3.0465","4.9416","2.65"
"2026-05-09","4.38","0.48","2.81","17.19","5830.111","1.0709","3.63","1.2667","3.9","4.02","4.95","1.4","1.93","2.66","2.62","2.45","0.9300000000000006","0.5700000000000003","0.79","0.99","1.73","9.2","97.92311253070062","3.75","6709.505","4715.71","80123.5","98.87","1.3150130097058557","","1.4","445.46","156.64","1.1773","0.11000000000000032","4.48","3.0465","4.9416","2.65"
"2026-05-10","4.38","0.48","2.81","17.19","5830.111","1.0709","3.63","1.2667","3.9","4.02","4.95","1.4","1.93","2.66","2.62","2.45","0.9300000000000006","0.5700000000000003","0.79","0.99","1.73","9.2","97.92311253070062","3.75","6709.505","4715.71","80123.5","98.87","1.3150130097058557","","1.4","445.46","156.64","1.1773","0.11000000000000032","4.48","3.0465","4.9416","2.65"
"2026-05-11","4.42","0.47","2.79","18.38","5830.111","1.0759","3.63","1.2679","3.95","4.07","4.98","1.4","1.95","2.69","2.67","2.47","0.9100000000000001","0.5600000000000005","0.78","0.98","1.69","9.31","97.885501155012","3.75","6709.505","4735.455","81803.5","101.56","1.3538424501974995","","1.4","446.38","157.04","1.178","0.14000000000000012","4.48","3.0465","4.9416","2.65"
"2026-05-12","4.46","0.46","2.82","17.99","5830.111","1.0774","3.63","1.2723","4.0","4.12","5.03","1.43","1.99","2.74","2.69","2.47","0.9100000000000001","0.5700000000000003","0.77","0.97","1.72","9.37","98.36397491753401","3.75","6709.505","4715.495","80690.5","105.78","1.389113974248727","","1.4","452.54","157.71","1.1733","0.14000000000000012","4.48","3.0465","4.9416","2.65"
"2026-05-13","4.46","0.48","2.82","17.87","5886.199","1.0783","3.63","1.2722","3.98","4.12","5.03","1.42","1.99","2.74","2.7","2.47","0.9100000000000001","0.5700000000000003","0.76","0.96","1.71","9.31","98.49005747975626","3.75","6728.502","4689.14","79702.0","104.52","1.3948229312837748","","1.4","457.44","157.84","1.1711","0.14000000000000012","4.48","3.0465","4.9416","2.65"
"2026-05-14","4.47","0.47","2.76","17.26","5886.199","1.0807","3.63","1.2744","4.0","4.13","5.02","1.46","2.0","2.73","2.67","2.47","0.8899999999999997","0.5499999999999998","0.76","0.95","1.66","9.22","98.73488180959836","3.75","6728.502","4652.17","81391.5","104.66","1.39742528755398","","1.4","452.96","158.08","1.1678","0.1299999999999999","4.48","3.0465","4.9416","2.65"
"2026-05-15","4.59","0.5","2.8","18.43","5886.199","1.0845","3.63","1.2802","4.09","4.26","5.12","1.56","2.1","2.81","2.7","2.49","0.8600000000000003","0.5300000000000002","0.75","0.94","1.68","9.35","99.24432548464425","3.75","6728.502","4540.645","79079.5","108.99","1.368483992912901","","1.4","451.94","158.69","1.1627","0.14000000000000012","4.48","3.0465","4.9416","2.65"
"2026-05-16","4.59","0.5","2.8","18.43","5886.199","1.0845","3.63","1.2802","4.09","4.26","5.12","1.56","2.1","2.81","2.7","2.49","0.8600000000000003","0.5300000000000002","0.75","0.94","1.68","9.35","99.24432548464425","3.75","6728.502","4540.645","79079.5","108.99","1.368483992912901","","1.4","451.94","158.69","1.1627","0.14000000000000012","4.48","3.0465","4.9416","2.65"
"2026-05-17","4.59","0.5","2.8","18.43","5886.199","1.0845","3.63","1.2802","4.09","4.26","5.12","1.56","2.1","2.81","2.7","2.49","0.8600000000000003","0.5300000000000002","0.75","0.94","1.68","9.35","99.24432548464425","3.75","6728.502","4540.645","79079.5","108.99","1.368483992912901","","1.4","451.94","158.69","1.1627","0.14000000000000012","4.48","3.0465","4.9416","2.65"
"2026-05-18","4.61","0.54","2.83","17.82","5886.199","1.0851","3.63","1.2785","4.07","4.27","5.14","1.58","2.13","2.82","2.69","2.48","0.8700000000000001","0.5299999999999994","0.75","0.94","1.7","9.42","99.04080720608741","3.75","6728.502","4566.16","76852.5","112.25","1.3719317763722692","","1.4","455.79","158.83","1.1649","0.14000000000000012","4.48","3.0465","4.9416","2.65"
"2026-05-19","4.67","0.54","2.86","18.06","5886.199","1.0829","3.62","1.2823","4.13","4.32","5.18","1.66","2.18","2.84","2.66","2.49","0.8599999999999994","0.5099999999999998","0.76","0.95","1.72","9.48","99.34042415220335","3.75","6728.502","4482.115","76966.5","112.09","1.3666628366295823","","1.4","457.93","159.11","1.1602","0.1499999999999999","4.48","3.0465","4.9416","2.65"
"2026-05-20","4.57","0.53","2.8","17.44","5907.483","1.0808","3.62","1.2781","4.04","4.22","5.11","1.63","2.13","2.81","2.59","2.44","0.8900000000000006","0.54","0.75","0.95","1.68","9.4","99.14953646891725","3.75","6713.643","4543.705","77669.5","101.69","1.3781704578092107","","1.4","460.8","158.84","1.162","0.1299999999999999","4.48","3.0465","4.9416","2.65"
"2026-05-21","4.57","0.49","2.78","16.76","5907.483","1.0786","3.62","1.2798","4.08","4.25","5.1","1.68","2.18","2.8","2.57","2.39","0.8499999999999996","0.5299999999999994","0.75","0.94","1.66","9.39","99.41419980455095","3.75","6713.643","4543.425","77651.5","100.2","1.3814666248479945","","1.45","460.1","159.16","1.1589","0.1599999999999997","4.48","3.0465","4.9416","2.65"
"2026-05-22","4.56","0.43","2.74","16.7","5907.483","1.0731","3.62","1.2795","4.13","4.27","5.07","1.73","2.16","2.77","2.54","2.4","0.8000000000000007","0.5100000000000007","0.74","0.93","1.62","9.39","99.31177198124765","3.75","6713.643","4509.69","75887.5","100.35","1.3996438779605693","","1.45","459.26","159.2","1.1603","0.16999999999999993","4.48","3.0465","4.9416","2.65"
"2026-05-23","4.56","0.43","2.74","16.7","5907.483","1.0731","3.62","1.2795","4.13","4.27","5.07","1.73","2.16","2.77","2.54","2.4","0.8000000000000007","0.5100000000000007","0.74","0.93","1.62","9.39","99.31177198124765","3.75","6713.643","4509.69","75887.5","100.35","1.3996438779605693","","1.45","459.26","159.2","1.1603","0.16999999999999993","4.48","3.0465","4.9416","2.65"
"2026-05-24","4.56","0.43","2.74","16.7","5907.483","1.0731","3.62","1.2795","4.13","4.27","5.07","1.73","2.16","2.77","2.54","2.4","0.8000000000000007","0.5100000000000007","0.74","0.93","1.62","9.39","99.31177198124765","3.75","6713.643","4509.69","75887.5","100.35","1.3996438779605693","","1.45","459.26","159.2","1.1603","0.16999999999999993","4.48","3.0465","4.9416","2.65"
"2026-05-25","4.56","0.43","2.74","16.59","5907.483","1.0711","3.62","1.2795","4.13","4.27","5.07","1.73","2.16","2.77","2.54","2.4","0.8000000000000007","0.5100000000000007","0.74","0.93","1.62","9.39","99.31177198124765","3.75","6713.643","4570.305","77206.5","100.35","1.4010968633384422","","1.45","461.1","159.2","1.1603","0.16999999999999993","4.48","3.0465","4.9416","2.65"
"2026-05-26","4.5","0.49","2.72","17.01","5907.483","1.068","3.62","1.2778","4.01","4.19","5.03","1.66","2.1","2.73","2.53","2.4","0.8399999999999999","0.5300000000000002","0.74","0.93","1.6","9.35","99.22433878078739","3.75","6713.643","4507.57","75990.0","97.63","1.4109642224080825","","1.45","458.08","159.36","1.162","0.17999999999999972","4.48","3.0465","4.9416","2.65"
"2026-05-27","4.48","0.48","2.71","16.29","5872.234","1.068","3.62","1.2767","4.0","4.17","5.01","1.64","2.09","2.72","2.53","2.39","0.8399999999999999","0.5299999999999994","0.74","0.93","1.61","9.36","99.19104106398872","3.75","6704.383","4456.12","75156.5","92.35","1.408373203594158","","1.45","458.22","159.47","1.1631","0.16999999999999993","4.48","3.0465","4.9416","2.65"
"2026-05-28","4.45","0.46","2.72","15.74","5872.234","1.0645","3.62","1.2761","3.99","4.15","4.98","1.61","2.06","2.7","2.54","2.39","0.8300000000000001","0.5300000000000002","0.73","0.93","1.61","9.35","99.03530077421648","3.75","6704.383","4495.775","73464.5","92.65","1.4150040871707326","","1.45","459.44","159.29","1.1649","0.16999999999999993","4.48","3.0465","4.9416","2.65"
"2026-05-29","4.45","0.47","2.72","15.32","5872.234","1.0564","3.62","1.2752","3.98","4.13","4.99","1.61","2.07","2.71","2.52","2.38","0.8600000000000003","0.54","0.73","0.92","1.61","9.38","98.80614472697637","3.75","6704.383","4540.53","73559.0","91.16","1.3950662147370463","","1.45","458.29","159.23","1.1679","0.1599999999999997","4.48","3.0465","4.9416","2.65"
"2026-05-30","4.45","0.47","2.72","15.32","5872.234","1.0564","3.62","1.2752","3.98","4.13","4.99","1.61","2.07","2.71","2.52","2.38","0.8600000000000003","0.54","0.73","0.92","1.61","9.38","98.80614472697637","3.75","6704.383","4540.53","73559.0","91.16","1.3950662147370463","","1.45","458.29","159.23","1.1679","0.1599999999999997","4.48","3.0465","4.9416","2.65"
"2026-05-31","4.45","0.47","2.74","15.32","5872.234","1.0564","3.62","1.2752","3.98","4.13","4.99","1.61","2.07","2.71","2.52","2.38","0.8600000000000003","0.54","0.74","0.93","1.64","9.41","98.80614472697637","3.75","6704.383","4540.53","73559.0","91.16","1.3950662147370463","","1.45","458.29","159.23","1.1679","0.1599999999999997","4.48","3.0465","4.9416","2.65"
"2026-06-01","4.47","0.42","2.72","16.05","5872.234","1.0564","3.62","1.2786","4.05","4.18","4.99","1.64","2.07","2.71","2.54","2.4","0.8100000000000005","0.5200000000000005","0.73","0.92","1.62","9.46","99.2370740394839","3.75","6704.383","4484.725","71353.5","95.96","1.45131752783058","","1.45","464.39","159.66","1.1624","0.16999999999999993","4.47","2.96409090909091","4.796","2.67"
"2026-06-02","4.46","0.41","2.71","15.77","5872.234","1.0549","3.62","1.2785","4.05","4.17","4.97","1.65","2.07","2.69","2.52","2.39","0.7999999999999998","0.5099999999999998","0.74","0.92","1.61","9.44","99.11863343167244","3.75","6704.383","4487.965","67512.5","97.47","1.4743475049382069","","1.45","470.69","159.86","1.1642","0.1599999999999997","4.47","2.96409090909091","4.796","2.67"
"2026-06-03","4.49","0.41","2.75","16.06","5833.72","1.0565","3.62","1.283","4.08","4.21","4.99","1.68","2.11","2.72","2.53","2.38","0.7800000000000002","0.5","0.74","0.93","1.65","9.47","99.46075624273385","3.75","6711.495","4434.715","64892.0","99.76","1.4485936525797036","","1.45","467.69","159.97","1.1605","0.1599999999999997","4.47","2.96409090909091","4.796","2.67"
"2026-06-04","4.47","0.42","2.74","15.4","5833.72","1.0579","3.62","1.2831","4.05","4.18","4.97","1.7","2.11","2.71","2.48","2.36","0.79","0.5","0.74","0.93","1.65","9.46","99.30910668388309","3.75","6711.495","4475.29","63568.5","96.83","1.4462124242227878","","1.48","467.62","159.97","1.1629","0.1599999999999997","4.47","2.96409090909091","4.796","2.67"
"2026-06-05","4.55","0.38","2.76","21.51","5833.72","1.0641","3.62","1.2903","4.17","4.29","5.01","1.81","2.19","2.74","2.48","2.36","0.7199999999999998","0.45999999999999996","0.74","0.93","1.65","9.52","99.9848102237425","3.75","6711.495","4327.885","61655.0","94.32","1.4366000945034352","","1.48","451.16","160.26","1.1533","0.18999999999999995","4.47","2.96409090909091","4.796","2.67"
"2026-06-06","4.55","0.38","2.76","21.51","5833.72","1.0641","3.62","1.2903","4.17","4.29","5.01","1.81","2.19","2.74","2.48","2.36","0.7199999999999998","0.45999999999999996","0.74","0.93","1.65","9.52","99.9848102237425","3.75","6711.495","4327.885","61655.0","94.32","1.4366000945034352","","1.48","451.16","160.26","1.1533","0.18999999999999995","4.47","2.96409090909091","4.796","2.67"
"2026-06-07","4.55","0.38","2.76","21.51","5833.72","1.0641","3.62","1.2903","4.17","4.29","5.01","1.81","2.19","2.74","2.48","2.36","0.7199999999999998","0.45999999999999996","0.74","0.93","1.65","9.52","99.9848102237425","3.75","6711.495","4327.885","61655.0","94.32","1.4366000945034352","","1.48","451.16","160.26","1.1533","0.18999999999999995","4.47","2.96409090909091","4.796","2.67"
"2026-06-08","4.56","0.41","2.75","18.92","5833.72","1.0676","3.62","1.2879","4.15","4.29","5.03","1.82","2.21","2.77","2.47","2.35","0.7400000000000002","0.47000000000000064","0.75","0.93","1.65","9.49","99.92818846689319","3.75","6711.495","4330.065","63434.0","95.0","1.4507080147757598","","1.48","451.87","160.12","1.1545","0.20999999999999996","4.47","2.96409090909091","4.796","2.67"
"2026-06-09","4.53","0.4","2.78","19.87","5833.72","1.0711","3.62","1.2864","4.13","4.26","5.01","1.82","2.2","2.75","2.44","2.33","0.75","0.47999999999999954","0.75","0.93","1.68","9.51","99.86293498576337","3.75","6711.495","4259.965","62079.0","91.9","1.4771435915553297","","1.48","455.82","160.23","1.1556","0.19999999999999973","4.47","2.96409090909091","4.796","2.67"
"2026-06-10","4.55","0.42","2.8","22.22","5896.888","1.0739","3.62","1.2863","4.13","4.27","5.03","1.83","2.21","2.78","2.44","2.34","0.7600000000000007","0.4800000000000004","0.75","0.94","1.7","9.57","99.91127278224083","3.75","6725.397","4072.015","61724.5","93.68","1.5103578940647322","","1.48","447.37","160.47","1.155","0.19999999999999973","4.47","2.96409090909091","4.796","2.67"
"2026-06-11","4.45","0.4","2.78","19.44","5896.888","1.0757","3.62","1.2886","4.05","4.18","4.95","1.78","2.16","2.72","2.4","2.29","0.7700000000000005","0.5","0.75","0.94","1.69","9.56","100.22761235394164","3.75","6725.397","4211.695","63345.5","91.58","1.5056218458364152","","1.48","456.68","160.51","1.1515","0.18999999999999995","4.47","2.96409090909091","4.796","2.67"
"2026-06-12","4.48","0.39","2.71","17.68","5896.888","1.0851","3.62","1.2833","4.09","4.21","4.97","1.82","2.17","2.73","2.39","2.31","0.7599999999999998","0.4899999999999993","0.74","0.93","1.62","9.48","99.74569436517227","3.75","6725.397","4218.56","63423.5","88.62","1.5228205833270119","","1.48","456.85","160.24","1.1573","0.19999999999999973","4.47","2.96409090909091","4.796","2.67"
"2026-06-13","4.48","0.39","2.71","17.68","5896.888","1.0851","3.62","1.2833","4.09","4.21","4.97","1.82","2.17","2.73","2.39","2.31","0.7599999999999998","0.4899999999999993","0.74","0.93","1.62","9.48","99.74569436517227","3.75","6725.397","4218.56","63423.5","88.62","1.5228205833270119","","1.48","456.85","160.24","1.1573","0.19999999999999973","4.47","2.96409090909091","4.796","2.67"
"2026-06-14","4.48","0.39","2.71","17.68","5896.888","1.0851","3.62","1.2833","4.09","4.21","4.97","1.82","2.17","2.73","2.39","2.31","0.7599999999999998","0.4899999999999993","0.74","0.93","1.62","9.48","99.74569436517227","3.75","6725.397","4218.56","63423.5","88.62","1.5228205833270119","","1.48","456.85","160.24","1.1573","0.19999999999999973","4.47","2.96409090909091","4.796","2.67"
"2026-06-15","4.47","0.4","2.66","16.2","5896.888","1.0864","3.63","1.282","4.07","4.18","4.97","1.78","2.15","2.72","2.4","2.32","0.79","0.5","0.73","0.92","1.59","9.37","99.58487598702503","3.75","6725.397","4308.85","66484.5","84.65","1.4957703331515368","","1.48","460.9","160.2","1.1599","0.18000000000000016","4.47","2.96409090909091","4.796","2.67"
"2026-06-16","4.43","0.38","2.71","16.41","5896.888","1.085","3.63","1.2813","4.05","4.16","4.93","1.8","2.14","2.7","2.36","2.29","0.7699999999999996","0.5","0.75","0.93","1.64","9.44","99.49603880568121","3.75","6725.397","4331.28","65793.5","79.8","1.4861380469514787","","1.48","467.23","160.39","1.1615","0.18000000000000016","4.47","2.96409090909091","4.796","2.67"
"2026-06-17","4.49","0.29","2.63","18.44","5848.883","1.0836","3.63","1.2827","4.2","4.27","4.93","1.96","2.23","2.73","2.31","2.26","0.6600000000000001","0.4399999999999995","0.74","0.92","1.56","9.39","99.67289223054088","3.75","6736.424","4257.7","64375.0","80.65","1.4861638913028161","","1.48","476.43","160.22","1.1593","0.28000000000000025","4.47","2.96409090909091","4.796","2.67"
"2026-06-18","4.46","0.27","2.66","16.4","5848.883","1.0833","3.63","1.2898","4.19","4.23","4.9","1.96","2.21","2.7","2.27","2.25","0.6699999999999999","0.4400000000000004","0.74","0.93","1.58","9.46","100.73903000574377","3.75","6736.424","4209.005","63018.0","80.35","1.5057240369160882","","1.47","478.51","161.37","1.147","0.29000000000000004","4.47","2.96409090909091","4.796","2.67"
"2026-06-19","4.46","0.27","2.66","16.78","5848.883","1.077","3.63","1.2898","4.19","4.23","4.9","1.96","2.21","2.7","2.27","2.25","0.6699999999999999","0.4400000000000004","0.74","0.93","1.58","9.47","100.73903000574377","3.75","6736.424","4155.37","63207.5","80.35","1.5156724912582997","","1.47","475.46","161.37","1.147","0.29000000000000004","4.47","2.96409090909091","4.796","2.67"
"2026-06-20","4.46","0.27","2.66","16.78","5848.883","1.077","3.63","1.2898","4.19","4.23","4.9","1.96","2.21","2.7","2.27","2.25","0.6699999999999999","0.4400000000000004","0.74","0.93","1.58","9.47","100.73903000574377","3.75","6736.424","4155.37","63207.5","80.35","1.5156724912582997","","1.47","475.46","161.37","1.147","0.29000000000000004","4.47","2.96409090909091","4.796","2.67"
"2026-06-21","4.46","0.27","2.66","16.78","5848.883","1.077","3.63","1.2898","4.19","4.23","4.9","1.96","2.21","2.7","2.27","2.25","0.6699999999999999","0.4400000000000004","0.74","0.93","1.58","9.47","100.73903000574377","3.75","6736.424","4155.37","63207.5","80.35","1.5156724912582997","","1.47","475.46","161.37","1.147","0.29000000000000004","4.47","2.96409090909091","4.796","2.67"
"2026-06-22","4.51","0.27","2.65","17.28","5848.883","1.0753","3.63","1.2933","4.24","4.29","4.95","2.01","2.28","2.75","2.28","2.23","0.6600000000000001","0.4400000000000004","0.74","0.93","1.56","9.47","100.98327803663688","3.75","6736.424","4191.71","64372.5","78.94","1.5099327004969334","","1.47","479.04","161.51","1.1432","0.3500000000000001","4.47","2.96409090909091","4.796","2.67"
"2026-06-23","4.5","0.34","2.71","19.49","5848.883","1.0736","3.63","1.2967","4.16","4.27","4.94","2.03","2.29","2.76","2.24","2.21","0.6700000000000008","0.4400000000000004","0.74","0.93","1.61","9.56","101.36230134449862","3.75","6736.424","4110.745","62369.5","74.62","1.4816097811953794","","1.47","479.7","161.55","1.1383","0.33000000000000007","4.47","2.96409090909091","4.796","2.67"
"2026-06-24","4.41","0.3","2.76","18.63","5812.415","1.0727","3.63","1.2977","4.11","4.17","4.86","1.98","2.23","2.71","2.19","2.18","0.6900000000000004","0.4500000000000002","0.75","0.94","1.66","9.64","101.64454678815996","3.75","6735.645","3999.5","60887.5","71.42","1.489611201400175","","1.47","483.25","161.76","1.1348","0.3200000000000003","4.47","2.96409090909091","4.796","2.67"
"2026-06-25","4.4","0.31","2.78","18.89","5812.415","1.0725","3.63","1.2951","4.09","4.15","4.86","1.92","2.19","2.69","2.23","2.21","0.71","0.45999999999999996","0.76","0.95","1.67","9.68","101.32533831918066","3.75","6735.645","4026.97","59292.0","72.67","1.4976620138714718","","1.47","476.68","161.67","1.1385","0.3200000000000003","4.47","2.96409090909091","4.796","2.67"
"2026-06-26","4.38","0.31","2.83","18.41","5812.415","1.0806","3.63","1.2931","4.07","4.12","4.87","1.91","2.18","2.69","2.21","2.2","0.75","0.4900000000000002","0.77","0.96","1.73","9.73","101.21643809308446","3.75","6735.645","4088.385","59650.0","70.3","1.4935897671085283","","1.47","478.24","161.67","1.1403","0.31000000000000005","4.47","2.96409090909091","4.796","2.67"
"2026-06-27","4.38","0.31","2.83","18.41","5812.415","1.0806","3.63","1.2931","4.07","4.12","4.87","1.91","2.18","2.69","2.21","2.2","0.75","0.4900000000000002","0.77","0.96","1.73","9.73","101.21643809308446","3.75","6735.645","4088.385","59650.0","70.3","1.4935897671085283","","1.47","478.24","161.67","1.1403","0.31000000000000005","4.47","2.96409090909091","4.796","2.67"
"2026-06-28","4.38","0.31","2.83","18.41","5812.415","1.0806","3.63","1.2931","4.07","4.12","4.87","1.91","2.18","2.69","2.21","2.2","0.75","0.4900000000000002","0.77","0.96","1.73","9.73","101.21643809308446","3.75","6735.645","4088.385","59650.0","70.3","1.4935897671085283","","1.47","478.24","161.67","1.1403","0.31000000000000005","4.47","2.96409090909091","4.796","2.67"
"2026-06-29","4.38","0.28","2.8","17.65","5812.415","1.0813","3.63","1.2922","4.1","4.14","4.86","1.9","2.16","2.68","2.24","2.22","0.7200000000000006","0.4800000000000004","0.76","0.95","1.69","9.67","101.11859907008657","3.75","6735.645","4016.955","60209.5","71.87","1.5138008765345892","","1.47","479.88","161.93","1.1425","0.3700000000000001","4.47","2.96409090909091","4.796","2.67"
"2026-06-30","4.44","0.3","2.75","16.45","5812.415","1.0825","3.63","1.2941","4.14","4.19","4.91","1.93","2.2","2.73","2.26","2.24","0.7199999999999998","0.46999999999999975","0.76","0.95","1.64","9.7","101.20255122697631","3.75","6735.645","4007.525","58671.0","70.56","1.5354988428019787","","1.47","478.8","162.61","1.1417","0.3799999999999999","4.47","2.96409090909091","4.796","2.67"
"2026-07-01","4.48","0.31","2.74","16.59","5843.326","1.0871","3.63","1.2955","4.17","4.24","4.97","1.98","2.25","2.78","2.26","2.23","0.7299999999999995","0.4899999999999993","0.76","0.94","1.63","9.68","101.34603355283467","3.75","6724.564","4031.705","60066.5","69.74","1.5042469625133783","","1.47","483.28","162.41","1.1384","0.3700000000000001","4.6","3.0704347826087","4.9318","2.79"
"2026-07-02","4.49","0.35","2.75","16.15","5843.326","1.0911","3.63","1.291","4.14","4.23","4.98","1.99","2.26","2.79","2.24","2.23","0.75","0.4900000000000002","0.75","0.94","1.64","9.71","100.7433747943648","3.75","6724.564","4123.605","61528.0","69.73","1.4760434134695248","","1.5","488.88","160.9","1.1448","0.3500000000000001","4.6","3.0704347826087","4.9318","2.79"
"2026-07-03","4.49","0.35","2.74","15.81","5843.326","1.1051","3.63","1.291","4.14","4.23","4.98","1.99","2.26","2.79","2.24","2.23","0.75","0.4900000000000002","0.75","0.94","1.64","9.69","100.7433747943648","3.75","6724.564","4175.695","62691.0","69.73","1.4696954638688888","","1.5","488.22","160.9","1.1448","0.3500000000000001","4.6","3.0704347826087","4.9318","2.79"
"2026-07-04","4.49","0.35","2.74","15.81","5843.326","1.1051","3.63","1.291","4.14","4.23","4.98","1.99","2.26","2.79","2.24","2.23","0.75","0.4900000000000002","0.75","0.94","1.64","9.69","100.7433747943648","3.75","6724.564","4175.695","62691.0","69.73","1.4696954638688888","","1.5","488.22","160.9","1.1448","0.3500000000000001","4.6","3.0704347826087","4.9318","2.79"
"2026-07-05","4.49","0.35","2.74","15.81","5843.326","1.1051","3.63","1.291","4.14","4.23","4.98","1.99","2.26","2.79","2.24","2.23","0.75","0.4900000000000002","0.75","0.94","1.64","9.69","100.7433747943648","3.75","6724.564","4175.695","62691.0","69.73","1.4696954638688888","","1.5","488.22","160.9","1.1448","0.3500000000000001","4.6","3.0704347826087","4.9318","2.79"
"2026-07-06","4.48","0.35","2.72","15.57","5843.326","1.1091","3.63","1.2925","4.13","4.21","4.99","1.94","2.24","2.79","2.27","2.24","0.7800000000000002","0.5099999999999998","0.75","0.94","1.62","9.67","101.00187497918353","3.75","6724.564","4165.115","63817.5","69.6","1.47947415617576","","1.5","492.36","162.28","1.1426","0.3500000000000001","4.6","3.0704347826087","4.9318","2.79"
"2026-07-07","4.55","0.36","2.67","16.13","5843.326","1.1132","3.63","1.2919","4.19","4.27","5.05","1.99","2.3","2.84","2.28","2.25","0.7800000000000002","0.5","0.76","0.94","1.57","9.64","100.98472365925336","3.75","6724.564","4106.12","63649.0","71.53","1.484827525742063","","1.5","499.19","161.91","1.1423","0.3600000000000003","4.6","3.0704347826087","4.9318","2.79"
"2026-07-08","4.56","0.35","2.7","16.9","5958.2","1.1153","3.62","1.2956","4.21","4.31","5.06","2.0","2.31","2.86","2.31","2.25","0.75","0.5","0.76","0.94","1.6","9.75","101.23895891651539","3.75","6735.609","4077.125","62057.5","74.56","1.48033724744765","","1.5","505.29","162.67","1.1396","0.3700000000000001","4.6","3.0704347826087","4.9318","2.79"
"2026-07-09","4.54","0.38","2.7","15.84","5958.2","1.1157","3.62","1.2918","4.16","4.27","5.05","1.99","2.31","2.86","2.28","2.23","0.7800000000000002","0.5099999999999998","0.76","0.94","1.59","9.74","100.87082926797503","3.75","6735.609","4123.79","63260.5","73.15","1.4948675854008084","","1.5","513.53","162.29","1.1439","0.33999999999999986","4.6","3.0704347826087","4.9318","2.79"
"2026-07-10","4.56","0.35","2.69","15.03","5958.2","1.1238","3.62","1.2903","4.21","4.3","5.06","2.02","2.32","2.86","2.28","2.24","0.7599999999999998","0.5","0.77","0.96","1.59","9.7","100.75592679028982","3.75","6735.609","4120.67","63799.0","72.45","1.5048717805599574","","1.5","517.2","161.31","1.1438","0.3700000000000001","4.6","3.0704347826087","4.9318","2.79"
"2026-07-11","4.56","0.35","2.69","15.03","5958.2","1.1238","3.62","1.2903","4.21","4.3","5.06","2.02","2.32","2.86","2.28","2.24","0.7599999999999998","0.5","0.77","0.96","1.59","9.7","100.75592679028982","3.75","6735.609","4120.67","63799.0","72.45","1.5048717805599574","","1.5","517.2","161.31","1.1438","0.3700000000000001","4.6","3.0704347826087","4.9318","2.79"
"2026-07-12","4.56","0.35","2.69","15.03","5958.2","1.1238","3.62","1.2903","4.21","4.3","5.06","2.02","2.32","2.86","2.28","2.24","0.7599999999999998","0.5","0.77","0.96","1.59","9.7","100.75592679028982","3.75","6735.609","4120.67","63799.0","72.45","1.5048717805599574","","1.5","517.2","161.31","1.1438","0.3700000000000001","4.6","3.0704347826087","4.9318","2.79"
"2026-07-13","4.62","0.36","2.69","17.16","5958.2","1.1251","3.62","1.293","4.26","4.37","5.1","2.06","2.36","2.89","2.31","2.26","0.7299999999999995","0.47999999999999954","0.78","0.96","1.58","9.72","101.10857208472795","3.75","6735.609","4001.185","62132.0","79.2","1.5476265156447402","","1.5","514.04","162.32","1.1402","0.41000000000000014","4.6","3.0704347826087","4.9318","2.79"
"2026-07-14","4.58","0.4","2.72","16.5","5958.2","1.1271","3.63","1.291","4.18","4.31","5.08","2.03","2.33","2.87","2.28","2.25","0.7700000000000005","0.5","0.79","0.97","1.61","9.73","100.88899160371855","3.75","6735.609","4052.775","64552.5","80.44","1.5507794042353695","","1.5","516.9","162.14","1.1428","0.3200000000000003","4.6","3.0704347826087","4.9318","2.79"
"2026-07-15","4.55","0.42","2.71","15.67","5986.659","1.1304","3.63","1.2895","4.13","4.26","5.08","2.01","2.32","2.88","2.25","2.23","0.8200000000000003","0.5300000000000002","0.79","0.97","1.62","9.69","100.71250050850595","3.75","6743.028","4060.695","64935.5","80.73","1.5524485340563623","","1.5","523.76","162.13","1.1436","0.30000000000000027","4.6","3.0704347826087","4.9318","2.79"
"2026-07-16","4.57","0.41","2.71","16.73","5986.659","1.1324","3.63","1.2901","4.16","4.28","5.09","2.04","2.35","2.91","2.24","2.22","0.8099999999999996","0.5199999999999996","0.78","0.96","1.61","9.7","100.69018256834804","3.75","6743.028","3976.58","64094.5","80.03","1.56208098416227","","1.55","517.96","162.42","1.1447","0.31000000000000005","4.6","3.0704347826087","4.9318","2.79"
"2026-07-17","4.55","0.37","2.73","18.77","5986.659","1.1427","3.63","1.2911","4.18","4.28","5.06","2.01","2.31","2.87","2.27","2.24","0.7799999999999994","0.5099999999999998","0.79","0.97","1.63","9.75","100.7456339504841","3.75","6743.028","4017.315","64095.5","83.43","1.5404144310316714","","1.55","512.24","162.43","1.144","0.33000000000000007","4.6","3.0704347826087","4.9318","2.79"
"2026-07-18","4.55","0.37","2.73","18.77","5986.659","1.1427","3.63","1.2911","4.18","4.28","5.06","2.01","2.31","2.87","2.27","2.24","0.7799999999999994","0.5099999999999998","0.79","0.97","1.63","9.75","100.7456339504841","3.75","6743.028","4017.315","64095.5","83.43","1.5404144310316714","","1.55","512.24","162.43","1.144","0.33000000000000007","4.6","3.0704347826087","4.9318","2.79"
"2026-07-19","4.55","0.37","2.73","18.77","5986.659","1.1427","3.63","1.2911","4.18","4.28","5.06","2.01","2.31","2.87","2.27","2.24","0.7799999999999994","0.5099999999999998","0.79","0.97","1.63","9.75","100.7456339504841","3.75","6743.028","4017.315","64095.5","83.43","1.5404144310316714","","1.55","512.24","162.43","1.144","0.33000000000000007","4.6","3.0704347826087","4.9318","2.79"
"2026-07-20","4.6","0.39","2.69","18.65","5986.659","1.1458","3.63","1.2912","4.21","4.33","5.11","2.05","2.35","2.91","2.28","2.25","0.7800000000000002","0.5100000000000007","0.78","0.97","1.6","9.77","100.99502351993488","3.75","6743.028","4007.585","65312.0","84.38","1.563485241111542","","1.55","511.26","162.59","1.1411","0.3700000000000001","4.6","3.0704347826087","4.9318","2.79"
"2026-07-21","4.63","0.37","2.69","17.05","5986.659","1.1494","3.63","1.2916","4.26","4.37","5.13","2.09","2.37","2.91","2.28","2.26","0.7599999999999998","0.5","0.78","0.97","1.58","9.78","101.1222517195327","3.75","6743.028","4077.325","66370.0","86.04","1.5822775962181088","","1.55","515.57","163.01","1.1408","0.3899999999999997","4.6","3.0704347826087","4.9318","2.79"
"2026-07-22","4.67","0.36","2.68","16.64","5917.379","1.1545","3.63","1.2903","4.31","4.41","5.15","2.11","2.39","2.93","2.3","2.28","0.7400000000000002","0.4800000000000004","0.78","0.96","1.57","9.81","101.08801627573719","3.75","6747.378","4129.76","65878.5","87.66","1.5538917515787842","","1.55","521.63","163.08","1.1414","0.41999999999999993","4.6","3.0704347826087","4.9318","2.79"
"2026-07-23","4.71","0.34","2.77","18.7","5917.379","1.1587","3.63","1.2925","4.37","4.46","5.17","2.17","2.43","2.95","2.29","2.28","0.71","0.45999999999999996","0.79","0.98","1.66","9.91","101.4716185982747","3.75","6747.378","4049.78","65091.5","93.08","1.5470568771636979","","1.55","512.34","163.8","1.1373","0.45999999999999996","4.6","3.0704347826087","4.9318","2.79"
"2026-07-24","4.69","0.36","2.79","18.58","5917.379","1.1639","3.63","1.2898","4.33","4.43","5.16","2.19","2.43","2.95","2.24","2.26","0.7300000000000004","0.46999999999999975","0.8","0.99","1.68","9.96","101.33728706550983","3.75","6747.378","4052.81","64098.5","91.74","1.5464011389628431","","1.55","516.3","163.71","1.1385","0.4500000000000002","4.6","3.0704347826087","4.9318","2.79"
"2026-07-25","4.69","0.36","2.79","18.58","5917.379","1.1639","3.63","1.2898","4.33","4.43","5.16","2.19","2.43","2.95","2.24","2.26","0.7300000000000004","0.46999999999999975","0.8","0.99","1.68","9.96","101.33728706550983","3.75","6747.378","4052.81","64098.5","91.74","1.5464011389628431","","1.55","516.3","163.71","1.1385","0.4500000000000002","4.6","3.0704347826087","4.9318","2.79"
"2026-07-26","4.69","0.36","2.79","18.58","5917.379","1.1639","3.63","1.2898","4.33","4.43","5.16","2.19","2.43","2.95","2.24","2.26","0.7300000000000004","0.46999999999999975","0.8","0.99","1.68","9.96","101.33728706550983","3.75","6747.378","4052.81","64098.5","91.74","1.5464011389628431","","1.55","516.3","163.71","1.1385","0.4500000000000002","4.6","3.0704347826087","4.9318","2.79"
"2026-07-27","4.65","0.34","2.81","18.67","5917.379","1.163","3.63","1.2909","4.31","4.4","5.12","2.22","2.44","2.95","2.18","2.21","0.7199999999999998","0.46999999999999975","0.81","1.0","1.7","10.01","101.45908647668267","3.75","6747.378","4076.425","64898.5","84.25","1.5523553113328468","","1.55","521.17","163.71","1.1376","0.46999999999999975","4.6","3.0704347826087","4.9318","2.79"
"2026-07-28","4.61","0.35","2.84","18.21","5917.379","1.1592","3.63","1.2913","4.26","4.35","5.09","2.19","2.41","2.92","2.16","2.2","0.7400000000000002","0.47999999999999954","0.81","1.0","1.73","10.05","101.28036116340037","3.75","6747.378","4028.67","63847.5","80.91","1.5571392047499548","","1.55","525.09","163.65","1.1401","0.4400000000000004","4.6","3.0704347826087","4.9318","2.79"
"2026-07-29","4.67","0.45","2.87","20.66","5824.838","1.1548","3.63","1.2926","4.22","4.37","5.2","2.13","2.41","2.98","2.24","2.26","0.8300000000000001","0.5300000000000002","0.81","1.0","1.76","10.13","101.43519908504506","3.75","6738.1900000000005","4066.34","63403.0","86.08","1.5453429865677735","","1.55","527.66","163.86","1.1384","0.3400000000000003","4.6","3.0704347826087","4.9318","2.79"
"2026-07-30","4.68","0.45","2.84","17.09","5824.838","1.1528","3.63","1.2821","4.23","4.38","5.21","2.14","2.41","2.98","2.24","2.27","0.8300000000000001","0.5300000000000002","0.8","0.99","1.74","10.06","100.00667100676037","3.75","6738.1900000000005","4103.27","64719.5","85.15","1.5685441123786636","","1.59","525.77","159.47","1.1522","0.3500000000000001","4.6","3.0704347826087","4.9318","2.79"
"2026-07-31","4.75","0.47","2.85","15.99","5824.838","1.1354","3.63","1.2828","4.28","4.45","5.27","2.19","2.47","3.03","2.26","2.28","0.8199999999999994","0.5199999999999996","0.79","0.99","1.73","10.34","100.01275089535028","3.75","6738.1900000000005","4045.165","62886.5","86.16","1.593423259619818","","1.59","520.9","159.16","1.1519","0.3500000000000001","4.6","3.0704347826087","4.9318","2.79"
"2026-08-01","4.75","0.47","2.85","15.99","5824.838","1.1354","3.63","1.2828","4.28","4.45","5.27","2.19","2.47","3.03","2.26","2.28","0.8199999999999994","0.5199999999999996","0.79","0.99","1.73","10.34","100.01275089535028","3.75","6738.1900000000005","4045.165","62886.5","86.16","1.593423259619818","","1.59","520.9","159.16","1.1519","0.3500000000000001","4.68","3.18","4.9886","2.94"
"2026-08-02","4.75","0.47","2.85","15.99","5824.838","1.1354","3.63","1.2828","4.28","4.45","5.27","2.19","2.47","3.03","2.26","2.28","0.8199999999999994","0.5199999999999996","0.79","0.99","1.73","10.34","100.01275089535028","3.75","6738.1900000000005","4045.165","62886.5","86.16","1.593423259619818","","1.59","520.9","159.16","1.1519","0.3500000000000001","4.68","3.18","4.9886","2.94"
"2026-08-03","4.7","0.45","2.78","15.86","5824.838","1.1302","3.63","1.2826","4.25","4.4","5.23","2.17","2.43","2.99","2.23","2.27","0.8300000000000001","0.5300000000000002","0.78","0.97","1.67","10.28","99.93411363628789","3.75","6738.1900000000005","4055.135","63747.5","81.96","1.5983635563304304","","1.59","524.18","156.96","1.1509","0.3899999999999997","4.68","3.18","4.9886","2.94"
"2026-08-04","4.63","0.43","2.73","16.5","5824.838","1.1246","3.63","1.2817","4.2","4.33","5.18","2.14","2.4","2.96","2.19","2.23","0.8499999999999996","0.5499999999999998","0.78","0.97","1.63","10.19","99.87173729898755","3.75","6738.1900000000005","4077.055","64292.5","77.33","1.610692031380494","","1.59","528.32","157.44","1.1527","0.3700000000000001","4.68","3.18","4.9886","2.94"
"2026-08-05","4.63","0.45","2.75","15.81","5839.593","1.1181","3.63","1.2813","4.18","4.33","5.17","2.15","2.41","2.96","2.18","2.22","0.8399999999999999","0.54","0.78","0.96","1.65","10.23","99.72661728902554","3.75","6748.567","4247.275","64784.5","76.78","1.5745154245957704","","1.59","522.97","157.63","1.1547","0.3500000000000001","4.68","3.18","4.9886","2.94"
"2026-08-06","4.69","0.44","2.71","15.15","5839.593","1.1155","3.63","1.2837","4.25","4.4","5.22","2.17","2.43","2.98","2.23","2.26","0.8199999999999994","0.5299999999999994","0.78","0.97","1.61","10.17","99.97130884657213","3.75","6748.567","4240.75","64391.5","78.88","1.5705995401756765","","1.59","527.78","158.45","1.1521","0.3600000000000003","4.68","3.18","4.9886","2.94"
"2026-08-07","4.65","0.46","2.7","14.9","5839.593","1.1166","3.63","1.2781","4.19","4.35","5.19","2.13","2.4","2.96","2.22","2.25","0.8400000000000007","0.54","0.78","0.97","1.6","10.13","99.56415724889365","3.75","6748.567","4341.935","64938.5","79.77","1.5045135406218655","","1.59","536.94","157.54","1.1559","0.33000000000000007","4.68","3.18","4.9886","2.94"
"2026-08-08","4.65","0.46","2.7","14.9","5839.593","1.1166","3.63","1.2781","4.19","4.35","5.19","2.13","2.4","2.96","2.22","2.25","0.8400000000000007","0.54","0.78","0.97","1.6","10.13","99.56415724889365","3.75","6748.567","4341.935","64938.5","79.77","1.5045135406218655","","1.59","536.94","157.54","1.1559","0.33000000000000007","4.68","3.18","4.9886","2.94"
"2026-08-09","4.65","0.46","2.7","14.9","5839.593","1.1166","3.63","1.2781","4.19","4.35","5.19","2.13","2.4","2.96","2.22","2.25","0.8400000000000007","0.54","0.78","0.97","1.6","10.13","99.56415724889365","3.75","6748.567","4341.935","64938.5","79.77","1.5045135406218655","","1.59","536.94","157.54","1.1559","0.33000000000000007","4.68","3.18","4.9886","2.94"
"2026-08-10","4.72","0.47","2.7","15.46","5839.593","1.1166","3.63","1.2799","4.25","4.41","5.25","2.16","2.43","3.0","2.25","2.29","0.8399999999999999","0.5300000000000002","0.78","0.97","1.59","10.14","99.69599007679663","3.75","6748.567","4390.235","64103.5","83.76","1.4990450397302193","","1.59","536.94","158.9","1.1552","0.3700000000000001","4.68","3.18","4.9886","2.94"
"2026-08-11","4.7","0.48","2.72","15.28","5839.593","1.1172","3.63","1.2798","4.22","4.39","5.24","2.16","2.43","3.0","2.23","2.27","0.8500000000000005","0.54","0.79","0.98","1.6","10.23","99.79963506549768","3.75","6748.567","4368.245","63672.5","84.77","1.505366571700992","","1.59","550.24","159.25","1.1543","0.3600000000000003","4.68","3.18","4.9886","2.94"
"2026-08-12","4.68","0.48","2.71","14.55","5795.28","1.1209","3.63","1.2792","4.2","4.38","5.24","2.14","2.42","2.99","2.24","2.26","0.8600000000000003","0.5600000000000005","0.79","0.98","1.6","10.2","99.83460315207898","3.75","6759.955","4408.525","63505.5","84.97","1.4869644609024562","","1.59","545.02","159.23","1.154","0.3400000000000003","4.68","3.18","4.9886","2.94"
"2026-08-13","4.63","0.48","2.71","14.63","5795.28","1.1238","3.63","1.2804","4.15","4.32","5.21","2.11","2.39","2.97","2.21","2.24","0.8899999999999997","0.5800000000000001","0.79","0.98","1.6","10.24","99.92403721671123","3.75","6759.955","4351.27","63347.5","82.77","1.5028508918085983","","1.56","541.32","159.35","1.1531","0.31000000000000005","4.68","3.18","4.9886","2.94"
"2026-08-14","4.68","0.51","2.67","14.25","5795.28","1.1255","3.63","1.2783","4.17","4.36","5.25","2.12","2.41","3.0","2.24","2.27","0.8899999999999997","0.5700000000000003","0.8","0.98","1.57","10.12","99.54045898582845","3.75","6759.955","4376.82","62842.0","83.99","1.498690830328869","","1.56","542.41","159.21","1.1581","0.3200000000000003","4.68","3.18","4.9886","2.94"
"2026-08-15","4.68","0.51","2.67","14.25","5795.28","1.1255","3.63","1.2783","4.17","4.36","5.25","2.12","2.41","3.0","2.24","2.27","0.8899999999999997","0.5700000000000003","0.8","0.98","1.57","10.12","99.54045898582845","3.75","6759.955","4376.82","62842.0","83.99","1.498690830328869","","1.56","542.41","159.21","1.1581","0.3200000000000003","4.68","3.18","4.9886","2.94"
"2026-08-16","4.68","0.51","2.67","14.25","5795.28","1.1255","3.63","1.2783","4.17","4.36","5.25","2.12","2.41","3.0","2.24","2.27","0.8899999999999997","0.5700000000000003","0.8","0.98","1.57","10.12","99.54045898582845","3.75","6759.955","4376.82","62842.0","83.99","1.498690830328869","","1.56","542.41","159.21","1.1581","0.3200000000000003","4.68","3.18","4.9886","2.94"
"2026-08-17","4.72","0.53","2.7","15.19","5795.28","1.1265","3.63","1.2768","4.19","4.38","5.31","2.13","2.44","3.06","2.25","2.28","0.9299999999999997","0.5899999999999999","0.81","0.99","1.59","10.18","99.47406070886638","3.75","6759.955","4416.68","64337.5","86.04","1.486809096425369","","1.56","542.8","159.34","1.1591","0.3200000000000003","4.68","3.18","4.9886","2.94"
"2026-08-18","4.71","0.52","2.75","15.84","5795.28","1.1304","3.63","1.2781","4.19","4.37","5.28","2.1","2.41","3.03","2.27","2.3","0.9100000000000001","0.5700000000000003","0.82","1.0","1.63","10.27","99.60977896473473","3.75","6759.955","4334.575","64551.5","86.48","1.4792545982016694","","1.56","534.25","159.58","1.158","0.31000000000000005","4.68","3.18","4.9886","2.94"
"2026-08-19","4.65","0.46","2.73","14.89","5791.77","1.1337","3.63","1.2719","4.19","4.35","5.19","2.07","2.35","2.94","2.28","2.3","0.8400000000000007","0.54","0.81","1.0","1.61","10.3","98.90829399195658","3.75","6745.6990000000005","4522.96","69096.5","87.28","1.429625731821639","","1.56","536.8","158.45","1.1664","0.31000000000000005","4.68","3.18","4.9886","2.94"
"2026-08-20","4.69","0.5","2.75","16.01","5791.77","1.1368","3.63","1.272","4.19","4.39","5.23","2.05","2.35","2.95","2.34","2.34","0.8400000000000007","0.54","0.82","1.0","1.63","10.35","98.83353016684491","3.75","6745.6990000000005","4518.955","72657.0","89.75","1.4253605092327764","","1.56","534.62","158.85","1.1679","0.31000000000000005","4.68","3.18","4.9886","2.94"
"2026-08-21","4.74","0.5","2.7","15.13","5791.77","1.1471","3.63","1.2692","4.24","4.43","5.27","2.09","2.4","3.0","2.34","2.34","0.8399999999999999","0.5299999999999994","0.81","1.0","1.58","10.37","98.79372280242691","3.75","6745.6990000000005","4602.99","77471.0","87.21","1.420081294984347","","1.56","534.59","158.91","1.1684","0.3200000000000003","4.68","3.18","4.9886","2.94"
"2026-08-22","4.74","0.5","2.7","15.13","5791.77","1.1471","3.63","1.2692","4.24","4.43","5.27","2.09","2.4","3.0","2.34","2.34","0.8399999999999999","0.5299999999999994","0.81","1.0","1.58","10.37","98.79372280242691","3.75","6745.6990000000005","4602.99","77471.0","87.21","1.420081294984347","","1.56","534.59","158.91","1.1684","0.3200000000000003","4.68","3.18","4.9886","2.94"
"2026-08-23","4.74","0.5","2.7","15.13","5791.77","1.1471","3.63","1.2692","4.24","4.43","5.27","2.09","2.4","3.0","2.34","2.34","0.8399999999999999","0.5299999999999994","0.81","1.0","1.58","10.37","98.79372280242691","3.75","6745.6990000000005","4602.99","77471.0","87.21","1.420081294984347","","1.56","534.59","158.91","1.1684","0.3200000000000003","4.68","3.18","4.9886","2.94"
"2026-08-24","4.7","0.46","2.69","15.85","5791.77","1.1512","3.63","1.2706","4.24","4.41","5.23","2.09","2.38","2.97","2.32","2.32","0.8200000000000003","0.5300000000000002","0.81","1.0","1.57","10.36","98.99005254519746","3.75","6745.6990000000005","4651.24","78929.5","86.34","1.412414753915085","","1.56","534.0","159.17","1.1665","0.33000000000000007","4.68","3.18","4.9886","2.94"
"2026-08-25","4.64","0.47","2.7","15.45","5791.77","1.1542","3.63","1.2693","4.17","4.35","5.17","2.04","2.32","2.92","2.31","2.32","0.8200000000000003","0.5300000000000002","0.81","1.0","1.58","10.39","98.9260825272999","3.75","6745.6990000000005","4659.055","78206.5","83.9","1.432367722639033","","1.56","543.34","159.21","1.1673","0.3200000000000003","4.68","3.18","4.9886","2.94"
"2026-08-26","4.66","0.47","2.67","15.21","5779.474","1.1583","3.63","1.2719","4.19","4.37","5.18","2.06","2.34","2.92","2.31","2.32","0.8099999999999996","0.5199999999999996","0.8","0.99","1.56","10.31","99.16080222292483","3.75","6730.912","4594.675","78451.0","83.46","1.4281227725573624","","1.56","541.56","159.36","1.1651","0.31000000000000005","4.68","3.18","4.9886","2.94"
"2026-08-27","4.67","0.47","2.63","14.51","5779.474","1.1628","3.63","1.2708","4.2","4.38","5.19","2.07","2.34","2.92","2.31","2.33","0.8100000000000005","0.5200000000000005","0.79","0.98","1.53","10.31","99.1006006534631","3.75","6730.912","4601.885","80092.0","84.81","1.4243163399346137","","1.6","536.88","159.26","1.1654","0.31000000000000005","4.68","3.18","4.9886","2.94"
"2026-08-28","4.73","0.39","2.6","14.43","5779.474","1.1805","3.63","1.2744","4.34","4.48","5.22","2.18","2.42","2.96","2.3","2.31","0.7399999999999993","0.4899999999999993","0.79","0.97","1.5","10.26","99.55922784090731","3.75","6730.912","4454.99","77390.0","84.57","1.4603646697298984","","1.6","539.58","159.97","1.1598","0.3899999999999997","4.68","3.18","4.9886","2.94"
"2026-08-29","4.73","0.39","2.6","14.43","5779.474","1.1805","3.63","1.2744","4.34","4.48","5.22","2.18","2.42","2.96","2.3","2.31","0.7399999999999993","0.4899999999999993","0.79","0.97","1.5","10.26","99.55922784090731","3.75","6730.912","4454.99","77390.0","84.57","1.4603646697298984","","1.6","539.58","159.97","1.1598","0.3899999999999997","4.68","3.18","4.9886","2.94"
"2026-08-30","4.73","0.39","2.6","14.43","5779.474","1.1805","3.63","1.2744","4.34","4.48","5.22","2.18","2.42","2.96","2.3","2.31","0.7399999999999993","0.4899999999999993","0.79","0.97","1.5","10.26","99.55922784090731","3.75","6730.912","4454.99","77390.0","84.57","1.4603646697298984","","1.6","539.58","159.97","1.1598","0.3899999999999997","4.68","3.18","4.9886","2.94"
"2026-08-31","4.75","0.41","2.63","14.92","5779.474","1.1863","3.63","1.2718","4.34","4.49","5.25","2.18","2.44","2.99","2.31","2.31","0.7599999999999998","0.5","0.8","0.98","1.52","10.42","99.4221279767315","3.75","6730.912","4449.24","78856.0","87.03","1.4737797916048585","","1.6","541.52","159.74","1.1617","0.3600000000000003","4.68","3.18","4.9886","2.94"
"2026-09-01","4.79","0.4","2.65","16.34","5779.474","1.1905","3.63","1.2726","4.39","4.55","5.27","2.18","2.44","2.98","2.37","2.35","0.7199999999999998","0.47999999999999954","0.81","0.99","1.52","10.49","99.63280234226293","3.75","6730.912","4328.405","77400.0","91.48","1.480524581225648","","1.6","536.2","160.03","1.1593","0.3700000000000001","4.68","3.18","4.9886","2.94"
"2026-09-02","4.79","0.4","2.66","15.2","5768.744","1.1943","3.63","1.2708","4.39","4.54","5.27","2.19","2.45","2.98","2.35","2.34","0.7299999999999995","0.47999999999999954","0.81","0.99","1.53","10.53","99.53584201374699","3.75","6737.204","4388.22","77418.0","92.15","1.4758922752277688","","1.6","541.97","158.79","1.1592","0.3700000000000001","4.68","3.18","4.9886","2.94"
"2026-09-03","4.77","0.43","2.65","14.32","5768.744","1.1967","3.63","1.2666","4.34","4.52","5.25","2.15","2.42","2.96","2.37","2.35","0.7300000000000004","0.4800000000000004","0.81","1.0","1.52","10.51","98.96228260154045","3.75","6737.204","4472.965","81448.0","92.55","1.462533241373451","","1.6","542.88","155.39","1.1623","0.3200000000000003","4.68","3.18","4.9886","2.94"
"2026-09-04","4.78","0.41","2.68","14.53","5768.744","1.1994","3.63","1.2665","4.37","4.54","5.24","2.17","2.43","2.96","2.37","2.35","0.7000000000000002","0.45999999999999996","0.81","0.99","1.55","10.54","99.11224908961745","3.75","6737.204","4429.825","79721.0","92.69","1.4766362102340387","","1.6","546.34","156.11","1.1618","0.3500000000000001","4.68","3.18","4.9886","2.94"
"2026-09-05","4.78","0.41","2.68","14.53","5768.744","1.1994","3.63","1.2665","4.37","4.54","5.24","2.17","2.43","2.96","2.37","2.35","0.7000000000000002","0.45999999999999996","0.81","0.99","1.55","10.54","99.11224908961745","3.75","6737.204","4429.825","79721.0","92.69","1.4766362102340387","","1.6","546.34","156.11","1.1618","0.3500000000000001","4.68","3.18","4.9886","2.94"
"2026-09-06","4.78","0.41","2.68","14.53","5768.744","1.1994","3.63","1.2665","4.37","4.54","5.24","2.17","2.43","2.96","2.37","2.35","0.7000000000000002","0.45999999999999996","0.81","0.99","1.55","10.54","99.11224908961745","3.75","6737.204","4429.825","79721.0","92.69","1.4766362102340387","","1.6","546.34","156.11","1.1618","0.3500000000000001","4.68","3.18","4.9886","2.94"
"2026-09-07","4.78","0.41","2.68","15.3","5768.744","1.2003","3.63","1.2665","4.37","4.54","5.24","2.17","2.43","2.96","2.37","2.35","0.7000000000000002","0.45999999999999996","0.81","0.99","1.55","10.55","99.11224908961745","3.75","6737.204","4406.065","79208.0","92.69","1.493389225987361","","1.6","541.9","156.11","1.1618","0.3500000000000001","4.68","3.18","4.9886","2.94"
"2026-09-08","4.8","0.41","2.67","15.72","5768.744","1.2004","3.63","1.2665","4.39","4.57","5.25","2.17","2.43","2.96","2.4","2.37","0.6799999999999997","0.4500000000000002","0.81","0.99","1.55","10.56","99.11224908961745","3.75","6737.204","4355.705","78495.5","94.21","1.5269330682403883","","1.6","541.7","156.11","1.1618","0.3700000000000001","4.68","3.18","4.9886","2.94"
"2026-09-09","4.83","0.4","2.71","16.46","5856.852","1.1987","3.63","1.2665","4.43","4.61","5.28","2.2","2.46","2.98","2.41","2.37","0.6699999999999999","0.4500000000000002","0.81","0.99","1.58","10.64","99.11224908961745","3.75","6740.619","4402.115","78297.0","97.26","1.528367614203627","","1.6","532.53","156.11","1.1618","0.3799999999999999","4.68","3.18","4.9886","2.94"
"2026-09-10","4.95","0.39","2.7","17.84","5856.852","1.1986","3.63","1.2665","4.56","4.75","5.37","2.29","2.55","3.05","2.46","2.4","0.6200000000000001","0.41999999999999993","0.8","0.98","1.55","10.7","99.11224908961745","3.75","6740.619","4317.025","77254.5","97.26","1.483475309964617","","1.7","528.68","156.11","1.1618","0.4400000000000004","4.68","3.18","4.9886","2.94"
"2026-09-11","4.95","0.39","2.7","17.84","5856.852","1.1975","3.63","1.2665","4.56","4.75","5.37","2.29","2.55","3.07","2.4","2.36","0.6200000000000001","0.41999999999999993","0.8","0.97","1.5","10.76","99.11224908961745","3.75","6740.619","4349.42","77315.5","97.26","1.4806870801164291","","1.7","531.84","156.11","1.1618","0.4400000000000004","4.68","3.18","4.9886","2.94"
"2026-09-12","4.95","0.39","2.7","17.84","5856.852","1.1975","3.63","1.2665","4.56","4.75","5.37","2.29","2.55","3.07","2.4","2.36","0.6200000000000001","0.41999999999999993","0.8","0.97","1.5","10.76","99.11224908961745","3.75","6740.619","4349.42","77315.5","97.26","1.4806870801164291","","1.7","531.84","156.11","1.1618","0.4400000000000004","4.68","3.18","4.9886","2.94"
"2026-09-13","4.95","0.39","2.7","17.84","5856.852","1.1975","3.63","1.2665","4.56","4.75","5.37","2.29","2.55","3.07","2.4","2.36","0.6200000000000001","0.41999999999999993","0.8","0.97","1.5","10.76","99.11224908961745","3.75","6740.619","4349.42","77315.5","97.26","1.4806870801164291","","1.7","531.84","156.11","1.1618","0.4400000000000004","4.68","3.18","4.9886","2.94"
"2026-09-14","4.95","0.39","2.7","17.84","5856.852","1.1975","3.63","1.2665","4.56","4.75","5.37","2.29","2.55","3.05","2.4","2.36","0.6200000000000001","0.41999999999999993","0.8","0.98","1.56","10.81","99.11224908961745","3.75","6740.619","4349.42","77315.5","97.26","1.4806870801164291","","1.7","531.84","156.11","1.1618","0.4400000000000004","4.68","3.18","4.9886","2.94"
"2026-09-15","4.95","0.39","2.7","17.84","5856.852","1.1975","3.63","1.2665","4.56","4.75","5.37","2.29","2.55","3.07","2.41","2.36","0.6200000000000001","0.41999999999999993","0.8","0.98","1.61","10.85","99.11224908961745","3.75","6740.619","4349.42","77315.5","97.26","1.4806870801164291","","1.7","531.84","156.11","1.1618","0.4400000000000004","4.68","3.18","4.9886","2.94"
"2026-09-16","4.95","0.39","2.7","17.84","5856.852","1.1975","3.63","1.2665","4.56","4.75","5.37","2.29","2.55","3.09","2.35","2.36","0.6200000000000001","0.41999999999999993","0.8","0.96","1.55","10.76","99.11224908961745","3.75","6740.619","4349.42","77315.5","97.26","1.4806870801164291","","1.7","531.84","156.11","1.1618","0.4400000000000004","4.68","3.18","4.9886","2.94"
"2026-09-17","4.95","0.39","2.7","17.84","5856.852","1.1975","3.63","1.2665","4.56","4.75","5.37","2.29","2.55","3.09","2.32","2.36","0.6200000000000001","0.41999999999999993","0.8","0.95","1.56","10.76","99.11224908961745","3.75","6740.619","4349.42","77315.5","97.26","1.4806870801164291","","1.7","531.84","156.11","1.1618","0.4400000000000004","4.68","3.18","4.9886","2.94"
